Driver,Team,Avg_Lap_Time,Max_Speed,Pit_Stops,Stint_Count,Avg_Tyre_Life,Constructor,Grid,Finish_Position,Status,Points,AirTemp,TrackTemp,Humidity,Rainfall,WindSpeed,Season,Race,DNF,Top10,Grid_Finish_Delta
ALO,McLaren,0 days 00:01:33.123603448,294.0,1.0,2.0,14.964912280701755,McLaren,10.0,5.0,Finished,10.0,24.077477477477483,36.324324324324316,30.91531531531532,0.04504504504504504,3.6918918918918915,2018,Australian Grand Prix,0,1,5.0
BOT,Mercedes,0 days 00:01:33.234862068,306.0,1.0,2.0,16.36842105263158,Mercedes,15.0,8.0,Finished,4.0,24.077477477477483,36.324324324324316,30.91531531531532,0.04504504504504504,3.6918918918918915,2018,Australian Grand Prix,0,1,7.0
ERI,Sauber,0 days 00:01:35.019200,298.0,0.0,1.0,2.5,Sauber,17.0,19.0,Steering,0.0,24.077477477477483,36.324324324324316,30.91531531531532,0.04504504504504504,3.6918918918918915,2018,Australian Grand Prix,1,0,-2.0
GAS,Toro Rosso,0 days 00:01:33.188538461,294.0,0.0,1.0,6.5,Toro Rosso,20.0,18.0,Engine,0.0,24.077477477477483,36.324324324324316,30.91531531531532,0.04504504504504504,3.6918918918918915,2018,Australian Grand Prix,1,0,2.0
GRO,Haas F1 Team,0 days 00:01:31.369916666,295.0,1.0,1.0,15.0,Haas F1 Team,6.0,16.0,Wheel,0.0,24.077477477477483,36.324324324324316,30.91531531531532,0.04504504504504504,3.6918918918918915,2018,Australian Grand Prix,1,0,-10.0
HAM,Mercedes,0 days 00:01:32.729637931,297.0,1.0,2.0,17.571428571428573,Mercedes,1.0,2.0,Finished,18.0,24.077477477477483,36.324324324324316,30.91531531531532,0.04504504504504504,3.6918918918918915,2018,Australian Grand Prix,0,1,-1.0
HAR,Toro Rosso,0 days 00:01:34.662438596,279.0,2.0,2.0,15.375,Toro Rosso,16.0,15.0,+1 Lap,0.0,24.077477477477483,36.324324324324316,30.91531531531532,0.04504504504504504,3.6918918918918915,2018,Australian Grand Prix,1,0,1.0
HUL,Renault,0 days 00:01:33.206103448,301.0,1.0,2.0,16.49122807017544,Renault,7.0,7.0,Finished,6.0,24.077477477477483,36.324324324324316,30.91531531531532,0.04504504504504504,3.6918918918918915,2018,Australian Grand Prix,0,1,0.0
LEC,Sauber,0 days 00:01:33.949000,301.0,2.0,3.0,12.526315789473685,Sauber,18.0,13.0,Finished,0.0,24.077477477477483,36.324324324324316,30.91531531531532,0.04504504504504504,3.6918918918918915,2018,Australian Grand Prix,0,0,5.0
MAG,Haas F1 Team,0 days 00:01:31.430318181,284.0,1.0,1.0,14.0,Haas F1 Team,5.0,17.0,Wheel,0.0,24.077477477477483,36.324324324324316,30.91531531531532,0.04504504504504504,3.6918918918918915,2018,Australian Grand Prix,1,0,-12.0
OCO,Force India,0 days 00:01:33.682086206,297.0,1.0,2.0,15.491228070175438,Force India,14.0,12.0,Finished,0.0,24.077477477477483,36.324324324324316,30.91531531531532,0.04504504504504504,3.6918918918918915,2018,Australian Grand Prix,0,0,2.0
PER,Force India,0 days 00:01:33.450000,302.0,1.0,2.0,15.280701754385966,Force India,12.0,11.0,Finished,0.0,24.077477477477483,36.324324324324316,30.91531531531532,0.04504504504504504,3.6918918918918915,2018,Australian Grand Prix,0,0,1.0
RAI,Ferrari,0 days 00:01:32.751586206,288.0,1.0,2.0,17.964912280701753,Ferrari,2.0,3.0,Finished,15.0,24.077477477477483,36.324324324324316,30.91531531531532,0.04504504504504504,3.6918918918918915,2018,Australian Grand Prix,0,1,-1.0
RIC,Red Bull Racing,0 days 00:01:32.764689655,298.0,1.0,2.0,16.280701754385966,Red Bull Racing,8.0,4.0,Finished,12.0,24.077477477477483,36.324324324324316,30.91531531531532,0.04504504504504504,3.6918918918918915,2018,Australian Grand Prix,0,1,4.0
SAI,Renault,0 days 00:01:33.431120689,295.0,1.0,2.0,16.842105263157894,Renault,9.0,10.0,Finished,1.0,24.077477477477483,36.324324324324316,30.91531531531532,0.04504504504504504,3.6918918918918915,2018,Australian Grand Prix,0,1,-1.0
SIR,Williams,0 days 00:01:36.536750,287.0,0.0,1.0,2.0,Williams,19.0,20.0,Brakes,0.0,24.077477477477483,36.324324324324316,30.91531531531532,0.04504504504504504,3.6918918918918915,2018,Australian Grand Prix,1,0,-1.0
STR,Williams,0 days 00:01:33.992603448,295.0,2.0,3.0,13.070175438596491,Williams,13.0,14.0,Finished,0.0,24.077477477477483,36.324324324324316,30.91531531531532,0.04504504504504504,3.6918918918918915,2018,Australian Grand Prix,0,0,-1.0
VAN,McLaren,0 days 00:01:33.244896551,294.0,1.0,2.0,15.105263157894736,McLaren,11.0,9.0,Finished,2.0,24.077477477477483,36.324324324324316,30.91531531531532,0.04504504504504504,3.6918918918918915,2018,Australian Grand Prix,0,1,2.0
VER,Red Bull Racing,0 days 00:01:33.141862068,301.0,1.0,2.0,17.07017543859649,Red Bull Racing,4.0,6.0,Finished,8.0,24.077477477477483,36.324324324324316,30.91531531531532,0.04504504504504504,3.6918918918918915,2018,Australian Grand Prix,0,1,-2.0
VET,Ferrari,0 days 00:01:32.642810344,287.0,1.0,2.0,16.280701754385966,Ferrari,3.0,1.0,Finished,25.0,24.077477477477483,36.324324324324316,30.91531531531532,0.04504504504504504,3.6918918918918915,2018,Australian Grand Prix,0,1,2.0
ALO,McLaren,0 days 00:01:38.634821428,297.0,2.0,3.0,10.345454545454546,McLaren,13.0,7.0,+1 Lap,6.0,27.982524271844653,32.19805825242719,47.36310679611651,0.0,0.9582524271844662,2018,Bahrain Grand Prix,1,1,6.0
BOT,Mercedes,0 days 00:01:36.902017857,296.0,1.0,2.0,16.6,Mercedes,3.0,2.0,Finished,18.0,27.982524271844653,32.19805825242719,47.36310679611651,0.0,0.9582524271844662,2018,Bahrain Grand Prix,0,1,1.0
ERI,Sauber,0 days 00:01:38.884928571,295.0,1.0,2.0,14.8,Sauber,17.0,9.0,+1 Lap,2.0,27.982524271844653,32.19805825242719,47.36310679611651,0.0,0.9582524271844662,2018,Bahrain Grand Prix,1,1,8.0
GAS,Toro Rosso,0 days 00:01:37.983232142,291.0,2.0,3.0,12.127272727272727,Toro Rosso,5.0,4.0,Finished,12.0,27.982524271844653,32.19805825242719,47.36310679611651,0.0,0.9582524271844662,2018,Bahrain Grand Prix,0,1,1.0
GRO,Haas F1 Team,0 days 00:01:39.268678571,295.0,3.0,4.0,7.581818181818182,Haas F1 Team,16.0,13.0,+1 Lap,0.0,27.982524271844653,32.19805825242719,47.36310679611651,0.0,0.9582524271844662,2018,Bahrain Grand Prix,1,0,3.0
HAM,Mercedes,0 days 00:01:37.010464285,305.0,1.0,2.0,15.727272727272727,Mercedes,9.0,3.0,Finished,15.0,27.982524271844653,32.19805825242719,47.36310679611651,0.0,0.9582524271844662,2018,Bahrain Grand Prix,0,1,6.0
HAR,Toro Rosso,0 days 00:01:39.133875,299.0,2.0,3.0,10.727272727272727,Toro Rosso,11.0,17.0,+1 Lap,0.0,27.982524271844653,32.19805825242719,47.36310679611651,0.0,0.9582524271844662,2018,Bahrain Grand Prix,1,0,-6.0
HUL,Renault,0 days 00:01:38.613403508,295.0,2.0,3.0,12.0,Renault,7.0,6.0,Finished,8.0,27.982524271844653,32.19805825242719,47.36310679611651,0.0,0.9582524271844662,2018,Bahrain Grand Prix,0,1,1.0
LEC,Sauber,0 days 00:01:39.206696428,295.0,2.0,3.0,13.672727272727272,Sauber,19.0,12.0,+1 Lap,0.0,27.982524271844653,32.19805825242719,47.36310679611651,0.0,0.9582524271844662,2018,Bahrain Grand Prix,1,0,7.0
MAG,Haas F1 Team,0 days 00:01:38.192736842,295.0,2.0,3.0,12.964285714285714,Haas F1 Team,6.0,5.0,Finished,10.0,27.982524271844653,32.19805825242719,47.36310679611651,0.0,0.9582524271844662,2018,Bahrain Grand Prix,0,1,1.0
OCO,Force India,0 days 00:01:38.994375,295.0,2.0,3.0,10.690909090909091,Force India,8.0,10.0,+1 Lap,1.0,27.982524271844653,32.19805825242719,47.36310679611651,0.0,0.9582524271844662,2018,Bahrain Grand Prix,1,1,-2.0
PER,Force India,0 days 00:01:39.133392857,295.0,2.0,3.0,11.127272727272727,Force India,12.0,16.0,+1 Lap,0.0,27.982524271844653,32.19805825242719,47.36310679611651,0.0,0.9582524271844662,2018,Bahrain Grand Prix,1,0,-4.0
RAI,Ferrari,0 days 00:01:38.163647058,284.0,2.0,2.0,10.454545454545455,Ferrari,2.0,18.0,Wheel,0.0,27.982524271844653,32.19805825242719,47.36310679611651,0.0,0.9582524271844662,2018,Bahrain Grand Prix,1,0,-16.0
RIC,Red Bull Racing,0 days 00:01:38.684000,281.0,0.0,0.0,,Red Bull Racing,4.0,20.0,Electrical,0.0,27.982524271844653,32.19805825242719,47.36310679611651,0.0,0.9582524271844662,2018,Bahrain Grand Prix,1,0,-16.0
SAI,Renault,0 days 00:01:39.112589285,297.0,2.0,3.0,18.454545454545453,Renault,10.0,11.0,+1 Lap,0.0,27.982524271844653,32.19805825242719,47.36310679611651,0.0,0.9582524271844662,2018,Bahrain Grand Prix,1,0,-1.0
SIR,Williams,0 days 00:01:39.637053571,292.0,2.0,3.0,9.781818181818181,Williams,18.0,15.0,+1 Lap,0.0,27.982524271844653,32.19805825242719,47.36310679611651,0.0,0.9582524271844662,2018,Bahrain Grand Prix,1,0,3.0
STR,Williams,0 days 00:01:39.152690909,290.0,2.0,3.0,10.74074074074074,Williams,20.0,14.0,+1 Lap,0.0,27.982524271844653,32.19805825242719,47.36310679611651,0.0,0.9582524271844662,2018,Bahrain Grand Prix,1,0,6.0
VAN,McLaren,0 days 00:01:38.805875,294.0,2.0,3.0,11.309090909090909,McLaren,14.0,8.0,+1 Lap,4.0,27.982524271844653,32.19805825242719,47.36310679611651,0.0,0.9582524271844662,2018,Bahrain Grand Prix,1,1,6.0
VER,Red Bull Racing,0 days 00:01:55.883000,291.0,0.0,1.0,1.0,Red Bull Racing,15.0,19.0,Puncture,0.0,27.982524271844653,32.19805825242719,47.36310679611651,0.0,0.9582524271844662,2018,Bahrain Grand Prix,1,0,-4.0
VET,Ferrari,0 days 00:01:36.888589285,298.0,1.0,2.0,17.12962962962963,Ferrari,1.0,1.0,Finished,25.0,27.982524271844653,32.19805825242719,47.36310679611651,0.0,0.9582524271844662,2018,Bahrain Grand Prix,0,1,0.0
ALO,McLaren,0 days 00:01:42.982482142,265.0,1.0,2.0,20.472727272727273,McLaren,13.0,7.0,Finished,6.0,19.446428571428573,37.01964285714286,24.089285714285715,0.017857142857142856,1.8375000000000001,2018,Chinese Grand Prix,0,1,6.0
BOT,Mercedes,0 days 00:01:40.447092592,265.0,1.0,2.0,22.547169811320753,Mercedes,3.0,2.0,Finished,18.0,19.446428571428573,37.01964285714286,24.089285714285715,0.017857142857142856,1.8375000000000001,2018,Chinese Grand Prix,0,1,1.0
ERI,Sauber,0 days 00:01:41.607185185,260.0,1.0,2.0,19.41509433962264,Sauber,20.0,16.0,Finished,0.0,19.446428571428573,37.01964285714286,24.089285714285715,0.017857142857142856,1.8375000000000001,2018,Chinese Grand Prix,0,0,4.0
GAS,Toro Rosso,0 days 00:01:42.361290909,262.0,2.0,2.0,19.61111111111111,Toro Rosso,17.0,18.0,Finished,0.0,19.446428571428573,37.01964285714286,24.089285714285715,0.017857142857142856,1.8375000000000001,2018,Chinese Grand Prix,0,0,-1.0
GRO,Haas F1 Team,0 days 00:01:43.601357142,264.0,2.0,2.0,22.272727272727273,Haas F1 Team,10.0,17.0,Finished,0.0,19.446428571428573,37.01964285714286,24.089285714285715,0.017857142857142856,1.8375000000000001,2018,Chinese Grand Prix,0,0,-7.0
HAM,Mercedes,0 days 00:01:40.733240740,263.0,1.0,2.0,21.81132075471698,Mercedes,4.0,4.0,Finished,12.0,19.446428571428573,37.01964285714286,24.089285714285715,0.017857142857142856,1.8375000000000001,2018,Chinese Grand Prix,0,1,0.0
HAR,Toro Rosso,0 days 00:01:42.235102040,261.0,3.0,2.0,20.604166666666668,Toro Rosso,15.0,20.0,Collision damage,0.0,19.446428571428573,37.01964285714286,24.089285714285715,0.017857142857142856,1.8375000000000001,2018,Chinese Grand Prix,1,0,-5.0
HUL,Renault,0 days 00:01:41.929618181,266.0,2.0,2.0,22.055555555555557,Renault,7.0,6.0,Finished,8.0,19.446428571428573,37.01964285714286,24.089285714285715,0.017857142857142856,1.8375000000000001,2018,Chinese Grand Prix,0,1,1.0
LEC,Sauber,0 days 00:01:41.879703703,261.0,1.0,2.0,19.41509433962264,Sauber,19.0,19.0,Finished,0.0,19.446428571428573,37.01964285714286,24.089285714285715,0.017857142857142856,1.8375000000000001,2018,Chinese Grand Prix,0,0,0.0
MAG,Haas F1 Team,0 days 00:01:43.142392857,263.0,1.0,2.0,23.09090909090909,Haas F1 Team,11.0,10.0,Finished,1.0,19.446428571428573,37.01964285714286,24.089285714285715,0.017857142857142856,1.8375000000000001,2018,Chinese Grand Prix,0,1,1.0
OCO,Force India,0 days 00:01:43.221964285,266.0,2.0,2.0,19.818181818181817,Force India,12.0,11.0,Finished,0.0,19.446428571428573,37.01964285714286,24.089285714285715,0.017857142857142856,1.8375000000000001,2018,Chinese Grand Prix,0,0,1.0
PER,Force India,0 days 00:01:43.234017857,269.0,2.0,2.0,22.272727272727273,Force India,8.0,12.0,Finished,0.0,19.446428571428573,37.01964285714286,24.089285714285715,0.017857142857142856,1.8375000000000001,2018,Chinese Grand Prix,0,0,-4.0
RAI,Ferrari,0 days 00:01:41.617000,270.0,1.0,2.0,22.75925925925926,Ferrari,2.0,3.0,Finished,15.0,19.446428571428573,37.01964285714286,24.089285714285715,0.017857142857142856,1.8375000000000001,2018,Chinese Grand Prix,0,1,-1.0
RIC,Red Bull Racing,0 days 00:01:40.498296296,265.0,2.0,2.0,22.547169811320753,Red Bull Racing,6.0,1.0,Finished,25.0,19.446428571428573,37.01964285714286,24.089285714285715,0.017857142857142856,1.8375000000000001,2018,Chinese Grand Prix,0,1,5.0
SAI,Renault,0 days 00:01:42.203000,266.0,2.0,2.0,22.055555555555557,Renault,9.0,9.0,Finished,2.0,19.446428571428573,37.01964285714286,24.089285714285715,0.017857142857142856,1.8375000000000001,2018,Chinese Grand Prix,0,1,0.0
SIR,Williams,0 days 00:01:43.475375,260.0,2.0,2.0,20.0,Williams,16.0,15.0,Finished,0.0,19.446428571428573,37.01964285714286,24.089285714285715,0.017857142857142856,1.8375000000000001,2018,Chinese Grand Prix,0,0,1.0
STR,Williams,0 days 00:01:43.426250,262.0,1.0,2.0,19.818181818181817,Williams,18.0,14.0,Finished,0.0,19.446428571428573,37.01964285714286,24.089285714285715,0.017857142857142856,1.8375000000000001,2018,Chinese Grand Prix,0,0,4.0
VAN,McLaren,0 days 00:01:43.317017857,261.0,1.0,2.0,19.818181818181817,McLaren,14.0,13.0,Finished,0.0,19.446428571428573,37.01964285714286,24.089285714285715,0.017857142857142856,1.8375000000000001,2018,Chinese Grand Prix,0,0,1.0
VER,Red Bull Racing,0 days 00:01:40.549407407,268.0,2.0,2.0,21.81132075471698,Red Bull Racing,5.0,5.0,Finished,10.0,19.446428571428573,37.01964285714286,24.089285714285715,0.017857142857142856,1.8375000000000001,2018,Chinese Grand Prix,0,1,0.0
VET,Ferrari,0 days 00:01:40.964703703,265.0,1.0,2.0,21.346153846153847,Ferrari,1.0,8.0,Finished,4.0,19.446428571428573,37.01964285714286,24.089285714285715,0.017857142857142856,1.8375000000000001,2018,Chinese Grand Prix,0,1,-7.0
ALO,McLaren,0 days 00:01:52.774536585,336.0,1.0,2.0,19.825,McLaren,12.0,7.0,Finished,6.0,16.66140350877193,25.25175438596491,45.651754385964914,0.0,2.2228070175438597,2018,Azerbaijan Grand Prix,0,1,5.0
BOT,Mercedes,0 days 00:01:48.561378378,318.0,1.0,2.0,25.583333333333332,Mercedes,3.0,14.0,Puncture,0.0,16.66140350877193,25.25175438596491,45.651754385964914,0.0,2.2228070175438597,2018,Azerbaijan Grand Prix,1,0,-11.0
ERI,Sauber,0 days 00:01:58.326760869,337.0,4.0,4.0,9.222222222222221,Sauber,18.0,11.0,Finished,0.0,16.66140350877193,25.25175438596491,45.651754385964914,0.0,2.2228070175438597,2018,Azerbaijan Grand Prix,0,0,7.0
GAS,Toro Rosso,0 days 00:01:53.916690476,318.0,2.0,3.0,11.829268292682928,Toro Rosso,17.0,12.0,Finished,0.0,16.66140350877193,25.25175438596491,45.651754385964914,0.0,2.2228070175438597,2018,Azerbaijan Grand Prix,0,0,5.0
GRO,Haas F1 Team,0 days 00:01:51.810135135,328.0,1.0,2.0,20.47222222222222,Haas F1 Team,20.0,15.0,Accident,0.0,16.66140350877193,25.25175438596491,45.651754385964914,0.0,2.2228070175438597,2018,Azerbaijan Grand Prix,1,0,5.0
HAM,Mercedes,0 days 00:01:49.160350,319.0,2.0,3.0,13.205128205128204,Mercedes,2.0,1.0,Finished,25.0,16.66140350877193,25.25175438596491,45.651754385964914,0.0,2.2228070175438597,2018,Azerbaijan Grand Prix,0,1,1.0
HAR,Toro Rosso,0 days 00:01:54.054404761,312.0,3.0,3.0,10.365853658536585,Toro Rosso,19.0,10.0,Finished,1.0,16.66140350877193,25.25175438596491,45.651754385964914,0.0,2.2228070175438597,2018,Azerbaijan Grand Prix,0,1,9.0
HUL,Renault,0 days 00:01:59.446333333,327.0,0.0,1.0,10.0,Renault,14.0,18.0,Accident,0.0,16.66140350877193,25.25175438596491,45.651754385964914,0.0,2.2228070175438597,2018,Azerbaijan Grand Prix,1,0,-4.0
LEC,Sauber,0 days 00:01:51.901341463,339.0,2.0,3.0,11.05,Sauber,13.0,6.0,Finished,8.0,16.66140350877193,25.25175438596491,45.651754385964914,0.0,2.2228070175438597,2018,Azerbaijan Grand Prix,0,1,7.0
MAG,Haas F1 Team,0 days 00:01:55.567116279,332.0,2.0,2.0,18.666666666666668,Haas F1 Team,15.0,13.0,Finished,0.0,16.66140350877193,25.25175438596491,45.651754385964914,0.0,2.2228070175438597,2018,Azerbaijan Grand Prix,0,0,2.0
OCO,,,,,,,Force India,7.0,19.0,Collision,0.0,16.66140350877193,25.25175438596491,45.651754385964914,0.0,2.2228070175438597,2018,Azerbaijan Grand Prix,1,0,-12.0
PER,Force India,0 days 00:01:51.085780487,342.0,1.0,2.0,19.375,Force India,8.0,3.0,Finished,15.0,16.66140350877193,25.25175438596491,45.651754385964914,0.0,2.2228070175438597,2018,Azerbaijan Grand Prix,0,1,5.0
RAI,Ferrari,0 days 00:01:51.075146341,342.0,2.0,2.0,22.0,Ferrari,6.0,2.0,Finished,18.0,16.66140350877193,25.25175438596491,45.651754385964914,0.0,2.2228070175438597,2018,Azerbaijan Grand Prix,0,1,4.0
RIC,Red Bull Racing,0 days 00:01:49.727400,344.0,1.0,2.0,23.147058823529413,Red Bull Racing,4.0,17.0,Collision,0.0,16.66140350877193,25.25175438596491,45.651754385964914,0.0,2.2228070175438597,2018,Azerbaijan Grand Prix,1,0,-13.0
SAI,Renault,0 days 00:01:51.444829268,339.0,2.0,3.0,12.625,Renault,9.0,5.0,Finished,10.0,16.66140350877193,25.25175438596491,45.651754385964914,0.0,2.2228070175438597,2018,Azerbaijan Grand Prix,0,1,4.0
SIR,,,,,,,Williams,11.0,20.0,Collision,0.0,16.66140350877193,25.25175438596491,45.651754385964914,0.0,2.2228070175438597,2018,Azerbaijan Grand Prix,1,0,-9.0
STR,Williams,0 days 00:01:51.970975609,336.0,2.0,3.0,10.9,Williams,10.0,8.0,Finished,4.0,16.66140350877193,25.25175438596491,45.651754385964914,0.0,2.2228070175438597,2018,Azerbaijan Grand Prix,0,1,2.0
VAN,McLaren,0 days 00:01:54.664860465,323.0,3.0,5.0,7.309523809523809,McLaren,16.0,9.0,Finished,2.0,16.66140350877193,25.25175438596491,45.651754385964914,0.0,2.2228070175438597,2018,Azerbaijan Grand Prix,0,1,7.0
VER,Red Bull Racing,0 days 00:01:49.746742857,334.0,1.0,2.0,24.294117647058822,Red Bull Racing,5.0,16.0,Collision,0.0,16.66140350877193,25.25175438596491,45.651754385964914,0.0,2.2228070175438597,2018,Azerbaijan Grand Prix,1,0,-11.0
VET,Ferrari,0 days 00:01:48.974900,328.0,2.0,3.0,15.205128205128204,Ferrari,1.0,4.0,Finished,12.0,16.66140350877193,25.25175438596491,45.651754385964914,0.0,2.2228070175438597,2018,Azerbaijan Grand Prix,0,1,-3.0
ALO,McLaren,0 days 00:01:28.010062500,288.0,1.0,2.0,19.936507936507937,McLaren,8.0,8.0,+1 Lap,4.0,16.050476190476193,32.33904761904761,52.28666666666667,0.7904761904761904,1.9523809523809523,2018,Spanish Grand Prix,1,1,0.0
BOT,Mercedes,0 days 00:01:26.068846153,296.0,1.0,2.0,21.078125,Mercedes,2.0,2.0,Finished,18.0,16.050476190476193,32.33904761904761,52.28666666666667,0.7904761904761904,1.9523809523809523,2018,Spanish Grand Prix,0,1,0.0
ERI,Sauber,0 days 00:01:28.944460317,289.0,1.0,2.0,16.596774193548388,Sauber,17.0,13.0,+2 Laps,0.0,16.050476190476193,32.33904761904761,52.28666666666667,0.7904761904761904,1.9523809523809523,2018,Spanish Grand Prix,1,0,4.0
GAS,,,,,,,Toro Rosso,12.0,19.0,Collision,0.0,16.050476190476193,32.33904761904761,52.28666666666667,0.7904761904761904,1.9523809523809523,2018,Spanish Grand Prix,1,0,-7.0
GRO,,,,,,,Haas F1 Team,10.0,18.0,Collision,0.0,16.050476190476193,32.33904761904761,52.28666666666667,0.7904761904761904,1.9523809523809523,2018,Spanish Grand Prix,1,0,-8.0
HAM,Mercedes,0 days 00:01:25.756646153,291.0,1.0,2.0,18.84375,Mercedes,1.0,1.0,Finished,25.0,16.050476190476193,32.33904761904761,52.28666666666667,0.7904761904761904,1.9523809523809523,2018,Spanish Grand Prix,0,1,0.0
HAR,Toro Rosso,0 days 00:01:28.857396825,289.0,2.0,2.0,16.5,Toro Rosso,20.0,12.0,+2 Laps,0.0,16.050476190476193,32.33904761904761,52.28666666666667,0.7904761904761904,1.9523809523809523,2018,Spanish Grand Prix,1,0,8.0
HUL,,,,,,,Renault,16.0,20.0,Collision,0.0,16.050476190476193,32.33904761904761,52.28666666666667,0.7904761904761904,1.9523809523809523,2018,Spanish Grand Prix,1,0,-4.0
LEC,Sauber,0 days 00:01:28.555857142,288.0,1.0,2.0,19.016129032258064,Sauber,14.0,10.0,+2 Laps,1.0,16.050476190476193,32.33904761904761,52.28666666666667,0.7904761904761904,1.9523809523809523,2018,Spanish Grand Prix,1,1,4.0
MAG,Haas F1 Team,0 days 00:01:27.379828125,289.0,1.0,2.0,18.666666666666668,Haas F1 Team,7.0,6.0,+1 Lap,8.0,16.050476190476193,32.33904761904761,52.28666666666667,0.7904761904761904,1.9523809523809523,2018,Spanish Grand Prix,1,1,1.0
OCO,Force India,0 days 00:01:31.158675675,291.0,1.0,2.0,12.5,Force India,13.0,16.0,Oil leak,0.0,16.050476190476193,32.33904761904761,52.28666666666667,0.7904761904761904,1.9523809523809523,2018,Spanish Grand Prix,1,0,-3.0
PER,Force India,0 days 00:01:28.510444444,293.0,2.0,3.0,14.080645161290322,Force India,15.0,9.0,+2 Laps,2.0,16.050476190476193,32.33904761904761,52.28666666666667,0.7904761904761904,1.9523809523809523,2018,Spanish Grand Prix,1,1,6.0
RAI,Ferrari,0 days 00:01:33.945250,279.0,1.0,1.0,16.0,Ferrari,4.0,17.0,Turbo,0.0,16.050476190476193,32.33904761904761,52.28666666666667,0.7904761904761904,1.9523809523809523,2018,Spanish Grand Prix,1,0,-13.0
RIC,Red Bull Racing,0 days 00:01:26.516830769,289.0,1.0,2.0,18.453125,Red Bull Racing,6.0,5.0,Finished,10.0,16.050476190476193,32.33904761904761,52.28666666666667,0.7904761904761904,1.9523809523809523,2018,Spanish Grand Prix,0,1,1.0
SAI,Renault,0 days 00:01:27.953156250,287.0,1.0,2.0,19.22222222222222,Renault,9.0,7.0,+1 Lap,6.0,16.050476190476193,32.33904761904761,52.28666666666667,0.7904761904761904,1.9523809523809523,2018,Spanish Grand Prix,1,1,2.0
SIR,Williams,0 days 00:01:31.070015873,289.0,3.0,3.0,11.548387096774194,Williams,19.0,14.0,+3 Laps,0.0,16.050476190476193,32.33904761904761,52.28666666666667,0.7904761904761904,1.9523809523809523,2018,Spanish Grand Prix,1,0,5.0
STR,Williams,0 days 00:01:28.666555555,282.0,1.0,2.0,19.016129032258064,Williams,18.0,11.0,+2 Laps,0.0,16.050476190476193,32.33904761904761,52.28666666666667,0.7904761904761904,1.9523809523809523,2018,Spanish Grand Prix,1,0,7.0
VAN,McLaren,0 days 00:01:31.401909090,284.0,1.0,2.0,16.790697674418606,McLaren,11.0,15.0,Gearbox,0.0,16.050476190476193,32.33904761904761,52.28666666666667,0.7904761904761904,1.9523809523809523,2018,Spanish Grand Prix,1,0,-4.0
VER,Red Bull Racing,0 days 00:01:26.164661538,290.0,1.0,2.0,18.5,Red Bull Racing,5.0,3.0,Finished,15.0,16.050476190476193,32.33904761904761,52.28666666666667,0.7904761904761904,1.9523809523809523,2018,Spanish Grand Prix,0,1,2.0
VET,Ferrari,0 days 00:01:26.177092307,294.0,2.0,3.0,12.578125,Ferrari,3.0,4.0,Finished,12.0,16.050476190476193,32.33904761904761,52.28666666666667,0.7904761904761904,1.9523809523809523,2018,Spanish Grand Prix,0,1,-1.0
ALO,McLaren,0 days 00:01:19.687980769,259.0,1.0,2.0,16.11764705882353,McLaren,7.0,20.0,Gearbox,0.0,26.640707964601766,34.60973451327434,50.892920353982305,0.12389380530973451,1.382300884955752,2018,Monaco Grand Prix,1,0,-13.0
BOT,Mercedes,0 days 00:01:19.405500,273.0,1.0,2.0,27.155844155844157,Mercedes,5.0,5.0,Finished,10.0,26.640707964601766,34.60973451327434,50.892920353982305,0.12389380530973451,1.382300884955752,2018,Monaco Grand Prix,0,1,0.0
ERI,Sauber,0 days 00:01:20.059884615,268.0,1.0,2.0,26.324675324675326,Sauber,16.0,11.0,Finished,0.0,26.640707964601766,34.60973451327434,50.892920353982305,0.12389380530973451,1.382300884955752,2018,Monaco Grand Prix,0,0,5.0
GAS,Toro Rosso,0 days 00:01:19.476128205,265.0,1.0,2.0,22.16883116883117,Toro Rosso,10.0,7.0,Finished,6.0,26.640707964601766,34.60973451327434,50.892920353982305,0.12389380530973451,1.382300884955752,2018,Monaco Grand Prix,0,1,3.0
GRO,Haas F1 Team,0 days 00:01:20.585064935,269.0,2.0,3.0,21.5,Haas F1 Team,18.0,15.0,+1 Lap,0.0,26.640707964601766,34.60973451327434,50.892920353982305,0.12389380530973451,1.382300884955752,2018,Monaco Grand Prix,1,0,3.0
HAM,Mercedes,0 days 00:01:19.382307692,265.0,1.0,2.0,34.285714285714285,Mercedes,3.0,3.0,Finished,15.0,26.640707964601766,34.60973451327434,50.892920353982305,0.12389380530973451,1.382300884955752,2018,Monaco Grand Prix,0,1,0.0
HAR,Toro Rosso,0 days 00:01:19.637271428,263.0,1.0,2.0,25.08695652173913,Toro Rosso,15.0,19.0,Collision,0.0,26.640707964601766,34.60973451327434,50.892920353982305,0.12389380530973451,1.382300884955752,2018,Monaco Grand Prix,1,0,-4.0
HUL,Renault,0 days 00:01:19.482641025,273.0,1.0,2.0,21.90909090909091,Renault,11.0,8.0,Finished,4.0,26.640707964601766,34.60973451327434,50.892920353982305,0.12389380530973451,1.382300884955752,2018,Monaco Grand Prix,0,1,3.0
LEC,Sauber,0 days 00:01:19.660742857,268.0,1.0,2.0,24.44927536231884,Sauber,14.0,18.0,Collision,0.0,26.640707964601766,34.60973451327434,50.892920353982305,0.12389380530973451,1.382300884955752,2018,Monaco Grand Prix,1,0,-4.0
MAG,Haas F1 Team,0 days 00:01:20.123461538,267.0,1.0,2.0,27.116883116883116,Haas F1 Team,19.0,13.0,Finished,0.0,26.640707964601766,34.60973451327434,50.892920353982305,0.12389380530973451,1.382300884955752,2018,Monaco Grand Prix,0,0,6.0
OCO,Force India,0 days 00:01:19.467615384,269.0,1.0,2.0,24.714285714285715,Force India,6.0,6.0,Finished,8.0,26.640707964601766,34.60973451327434,50.892920353982305,0.12389380530973451,1.382300884955752,2018,Monaco Grand Prix,0,1,0.0
PER,Force India,0 days 00:01:20.067538461,273.0,1.0,2.0,24.974025974025974,Force India,9.0,12.0,Finished,0.0,26.640707964601766,34.60973451327434,50.892920353982305,0.12389380530973451,1.382300884955752,2018,Monaco Grand Prix,0,0,-3.0
RAI,Ferrari,0 days 00:01:19.396589743,268.0,1.0,2.0,26.948051948051948,Ferrari,4.0,4.0,Finished,12.0,26.640707964601766,34.60973451327434,50.892920353982305,0.12389380530973451,1.382300884955752,2018,Monaco Grand Prix,0,1,0.0
RIC,Red Bull Racing,0 days 00:01:19.164192307,257.0,1.0,2.0,27.05263157894737,Red Bull Racing,1.0,1.0,Finished,25.0,26.640707964601766,34.60973451327434,50.892920353982305,0.12389380530973451,1.382300884955752,2018,Monaco Grand Prix,0,1,0.0
SAI,Renault,0 days 00:01:20.048974358,262.0,1.0,2.0,27.506493506493506,Renault,8.0,10.0,Finished,1.0,26.640707964601766,34.60973451327434,50.892920353982305,0.12389380530973451,1.382300884955752,2018,Monaco Grand Prix,0,1,-2.0
SIR,Williams,0 days 00:01:20.862701298,267.0,3.0,4.0,14.236842105263158,Williams,13.0,16.0,+1 Lap,0.0,26.640707964601766,34.60973451327434,50.892920353982305,0.12389380530973451,1.382300884955752,2018,Monaco Grand Prix,1,0,-3.0
STR,Williams,0 days 00:01:21.677868421,266.0,3.0,4.0,11.52,Williams,17.0,17.0,+2 Laps,0.0,26.640707964601766,34.60973451327434,50.892920353982305,0.12389380530973451,1.382300884955752,2018,Monaco Grand Prix,1,0,0.0
VAN,McLaren,0 days 00:01:20.195311688,271.0,2.0,3.0,20.82894736842105,McLaren,12.0,14.0,+1 Lap,0.0,26.640707964601766,34.60973451327434,50.892920353982305,0.12389380530973451,1.382300884955752,2018,Monaco Grand Prix,1,0,-2.0
VER,Red Bull Racing,0 days 00:01:19.488769230,274.0,1.0,2.0,20.48051948051948,Red Bull Racing,20.0,9.0,Finished,2.0,26.640707964601766,34.60973451327434,50.892920353982305,0.12389380530973451,1.382300884955752,2018,Monaco Grand Prix,0,1,11.0
VET,Ferrari,0 days 00:01:19.258243589,272.0,1.0,2.0,27.506493506493506,Ferrari,2.0,2.0,Finished,18.0,26.640707964601766,34.60973451327434,50.892920353982305,0.12389380530973451,1.382300884955752,2018,Monaco Grand Prix,0,1,0.0
ALO,McLaren,0 days 00:01:22.119675,298.0,1.0,2.0,10.41025641025641,McLaren,14.0,18.0,Exhaust,0.0,20.52358490566038,36.94905660377359,27.82547169811321,0.0,2.471698113207547,2018,Canadian Grand Prix,1,0,-4.0
BOT,Mercedes,0 days 00:01:18.115785714,298.0,1.0,2.0,19.27536231884058,Mercedes,2.0,2.0,Finished,18.0,20.52358490566038,36.94905660377359,27.82547169811321,0.0,2.471698113207547,2018,Canadian Grand Prix,0,1,0.0
ERI,Sauber,0 days 00:01:20.506705882,295.0,1.0,1.0,34.0,Sauber,19.0,15.0,+2 Laps,0.0,20.52358490566038,36.94905660377359,27.82547169811321,0.0,2.471698113207547,2018,Canadian Grand Prix,1,0,4.0
GAS,Toro Rosso,0 days 00:01:19.818086956,293.0,1.0,2.0,19.61764705882353,Toro Rosso,16.0,11.0,+1 Lap,0.0,20.52358490566038,36.94905660377359,27.82547169811321,0.0,2.471698113207547,2018,Canadian Grand Prix,1,0,5.0
GRO,Haas F1 Team,0 days 00:01:19.823608695,297.0,1.0,2.0,19.985294117647058,Haas F1 Team,20.0,12.0,+1 Lap,0.0,20.52358490566038,36.94905660377359,27.82547169811321,0.0,2.471698113207547,2018,Canadian Grand Prix,1,0,8.0
HAM,Mercedes,0 days 00:01:18.339842857,300.0,1.0,2.0,23.91304347826087,Mercedes,4.0,5.0,Finished,10.0,20.52358490566038,36.94905660377359,27.82547169811321,0.0,2.471698113207547,2018,Canadian Grand Prix,0,1,-1.0
HAR,,,,,,,Toro Rosso,12.0,19.0,Collision,0.0,20.52358490566038,36.94905660377359,27.82547169811321,0.0,2.471698113207547,2018,Canadian Grand Prix,1,0,-7.0
HUL,Renault,0 days 00:01:19.523985507,296.0,1.0,2.0,25.147058823529413,Renault,7.0,7.0,+1 Lap,6.0,20.52358490566038,36.94905660377359,27.82547169811321,0.0,2.471698113207547,2018,Canadian Grand Prix,1,1,0.0
LEC,Sauber,0 days 00:01:19.743927536,296.0,1.0,2.0,21.264705882352942,Sauber,13.0,10.0,+1 Lap,1.0,20.52358490566038,36.94905660377359,27.82547169811321,0.0,2.471698113207547,2018,Canadian Grand Prix,1,1,3.0
MAG,Haas F1 Team,0 days 00:01:19.875550724,290.0,1.0,2.0,19.985294117647058,Haas F1 Team,11.0,13.0,+1 Lap,0.0,20.52358490566038,36.94905660377359,27.82547169811321,0.0,2.471698113207547,2018,Canadian Grand Prix,1,0,-2.0
OCO,Force India,0 days 00:01:19.600956521,299.0,1.0,2.0,26.41176470588235,Force India,8.0,9.0,+1 Lap,2.0,20.52358490566038,36.94905660377359,27.82547169811321,0.0,2.471698113207547,2018,Canadian Grand Prix,1,1,-1.0
PER,Force India,0 days 00:01:19.847188405,299.0,2.0,3.0,14.926470588235293,Force India,10.0,14.0,+1 Lap,0.0,20.52358490566038,36.94905660377359,27.82547169811321,0.0,2.471698113207547,2018,Canadian Grand Prix,1,0,-4.0
RAI,Ferrari,0 days 00:01:18.424500,295.0,1.0,2.0,19.27536231884058,Ferrari,5.0,6.0,Finished,8.0,20.52358490566038,36.94905660377359,27.82547169811321,0.0,2.471698113207547,2018,Canadian Grand Prix,0,1,-1.0
RIC,Red Bull Racing,0 days 00:01:18.284900,296.0,1.0,2.0,23.405797101449274,Red Bull Racing,6.0,4.0,Finished,12.0,20.52358490566038,36.94905660377359,27.82547169811321,0.0,2.471698113207547,2018,Canadian Grand Prix,0,1,2.0
SAI,Renault,0 days 00:01:19.579144927,299.0,1.0,2.0,24.558823529411764,Renault,9.0,8.0,+1 Lap,4.0,20.52358490566038,36.94905660377359,27.82547169811321,0.0,2.471698113207547,2018,Canadian Grand Prix,1,1,1.0
SIR,Williams,0 days 00:01:20.863250,288.0,1.0,2.0,18.328358208955223,Williams,18.0,17.0,+2 Laps,0.0,20.52358490566038,36.94905660377359,27.82547169811321,0.0,2.471698113207547,2018,Canadian Grand Prix,1,0,1.0
STR,,,,,,,Williams,17.0,20.0,Collision,0.0,20.52358490566038,36.94905660377359,27.82547169811321,0.0,2.471698113207547,2018,Canadian Grand Prix,1,0,-3.0
VAN,McLaren,0 days 00:01:20.531941176,295.0,2.0,2.0,19.970149253731343,McLaren,15.0,16.0,+2 Laps,0.0,20.52358490566038,36.94905660377359,27.82547169811321,0.0,2.471698113207547,2018,Canadian Grand Prix,1,0,-1.0
VER,Red Bull Racing,0 days 00:01:18.117457142,296.0,1.0,2.0,23.91304347826087,Red Bull Racing,3.0,3.0,Finished,15.0,20.52358490566038,36.94905660377359,27.82547169811321,0.0,2.471698113207547,2018,Canadian Grand Prix,0,1,0.0
VET,Ferrari,0 days 00:01:18.033257142,294.0,1.0,2.0,19.058823529411764,Ferrari,1.0,1.0,Finished,25.0,20.52358490566038,36.94905660377359,27.82547169811321,0.0,2.471698113207547,2018,Canadian Grand Prix,0,1,0.0
ALO,McLaren,0 days 00:01:44.312020408,307.0,2.0,2.0,21.708333333333332,McLaren,16.0,16.0,Wheel,0.0,24.546078431372553,42.03333333333334,49.049019607843135,0.00980392156862745,1.8156862745098041,2018,French Grand Prix,1,0,0.0
BOT,Mercedes,0 days 00:01:42.665115384,312.0,2.0,2.0,16.529411764705884,Mercedes,2.0,7.0,Finished,6.0,24.546078431372553,42.03333333333334,49.049019607843135,0.00980392156862745,1.8156862745098041,2018,French Grand Prix,0,1,-5.0
ERI,Sauber,0 days 00:01:43.867509803,308.0,1.0,2.0,14.94,Sauber,15.0,13.0,+1 Lap,0.0,24.546078431372553,42.03333333333334,49.049019607843135,0.00980392156862745,1.8156862745098041,2018,French Grand Prix,1,0,2.0
GAS,,,,,,,Toro Rosso,14.0,20.0,Collision,0.0,24.546078431372553,42.03333333333334,49.049019607843135,0.00980392156862745,1.8156862745098041,2018,French Grand Prix,1,0,-6.0
GRO,Haas F1 Team,0 days 00:01:43.186000,302.0,1.0,2.0,16.54,Haas F1 Team,10.0,11.0,+1 Lap,0.0,24.546078431372553,42.03333333333334,49.049019607843135,0.00980392156862745,1.8156862745098041,2018,French Grand Prix,1,0,-1.0
HAM,Mercedes,0 days 00:01:41.007615384,292.0,1.0,2.0,15.666666666666666,Mercedes,1.0,1.0,Finished,25.0,24.546078431372553,42.03333333333334,49.049019607843135,0.00980392156862745,1.8156862745098041,2018,French Grand Prix,0,1,0.0
HAR,Toro Rosso,0 days 00:01:43.164340,307.0,1.0,2.0,16.408163265306122,Toro Rosso,20.0,14.0,+1 Lap,0.0,24.546078431372553,42.03333333333334,49.049019607843135,0.00980392156862745,1.8156862745098041,2018,French Grand Prix,1,0,6.0
HUL,Renault,0 days 00:01:42.750788461,303.0,1.0,2.0,16.647058823529413,Renault,12.0,9.0,Finished,2.0,24.546078431372553,42.03333333333334,49.049019607843135,0.00980392156862745,1.8156862745098041,2018,French Grand Prix,0,1,3.0
LEC,Sauber,0 days 00:01:42.821038461,307.0,1.0,2.0,15.764705882352942,Sauber,8.0,10.0,Finished,1.0,24.546078431372553,42.03333333333334,49.049019607843135,0.00980392156862745,1.8156862745098041,2018,French Grand Prix,0,1,-2.0
MAG,Haas F1 Team,0 days 00:01:42.547250,302.0,1.0,2.0,15.294117647058824,Haas F1 Team,9.0,6.0,Finished,8.0,24.546078431372553,42.03333333333334,49.049019607843135,0.00980392156862745,1.8156862745098041,2018,French Grand Prix,0,1,3.0
OCO,,,,,,,Force India,11.0,19.0,Collision,0.0,24.546078431372553,42.03333333333334,49.049019607843135,0.00980392156862745,1.8156862745098041,2018,French Grand Prix,1,0,-8.0
PER,Force India,0 days 00:01:46.242538461,297.0,0.0,1.0,14.0,Force India,13.0,18.0,Engine,0.0,24.546078431372553,42.03333333333334,49.049019607843135,0.00980392156862745,1.8156862745098041,2018,French Grand Prix,1,0,-5.0
RAI,Ferrari,0 days 00:01:41.497307692,308.0,1.0,2.0,16.58823529411765,Ferrari,6.0,3.0,Finished,15.0,24.546078431372553,42.03333333333334,49.049019607843135,0.00980392156862745,1.8156862745098041,2018,French Grand Prix,0,1,3.0
RIC,Red Bull Racing,0 days 00:01:41.687365384,301.0,1.0,2.0,16.313725490196077,Red Bull Racing,5.0,4.0,Finished,12.0,24.546078431372553,42.03333333333334,49.049019607843135,0.00980392156862745,1.8156862745098041,2018,French Grand Prix,0,1,1.0
SAI,Renault,0 days 00:01:42.694500,302.0,1.0,2.0,15.176470588235293,Renault,7.0,8.0,Finished,4.0,24.546078431372553,42.03333333333334,49.049019607843135,0.00980392156862745,1.8156862745098041,2018,French Grand Prix,0,1,-1.0
SIR,Williams,0 days 00:01:44.309784313,306.0,1.0,1.0,26.46,Williams,18.0,15.0,+1 Lap,0.0,24.546078431372553,42.03333333333334,49.049019607843135,0.00980392156862745,1.8156862745098041,2018,French Grand Prix,1,0,3.0
STR,Williams,0 days 00:01:43.774978723,306.0,1.0,1.0,24.456521739130434,Williams,19.0,17.0,Puncture,0.0,24.546078431372553,42.03333333333334,49.049019607843135,0.00980392156862745,1.8156862745098041,2018,French Grand Prix,1,0,2.0
VAN,McLaren,0 days 00:01:42.728900,303.0,1.0,2.0,17.428571428571427,McLaren,17.0,12.0,+1 Lap,0.0,24.546078431372553,42.03333333333334,49.049019607843135,0.00980392156862745,1.8156862745098041,2018,French Grand Prix,1,0,5.0
VER,Red Bull Racing,0 days 00:01:41.148173076,298.0,1.0,2.0,15.176470588235293,Red Bull Racing,4.0,2.0,Finished,18.0,24.546078431372553,42.03333333333334,49.049019607843135,0.00980392156862745,1.8156862745098041,2018,French Grand Prix,0,1,2.0
VET,Ferrari,0 days 00:01:42.315423076,307.0,2.0,2.0,17.784313725490197,Ferrari,3.0,5.0,Finished,10.0,24.546078431372553,42.03333333333334,49.049019607843135,0.00980392156862745,1.8156862745098041,2018,French Grand Prix,0,1,-2.0
ALO,McLaren,0 days 00:01:10.945185714,283.0,1.0,2.0,23.840579710144926,McLaren,13.0,8.0,+1 Lap,4.0,23.176086956521743,45.87934782608695,37.141304347826086,0.0,2.4847826086956526,2018,Austrian Grand Prix,1,1,5.0
BOT,Mercedes,0 days 00:01:09.786000,282.0,0.0,1.0,9.5,Mercedes,1.0,19.0,Hydraulics,0.0,23.176086956521743,45.87934782608695,37.141304347826086,0.0,2.4847826086956526,2018,Austrian Grand Prix,1,0,-18.0
ERI,Sauber,0 days 00:01:11.014471428,287.0,1.0,2.0,19.057971014492754,Sauber,20.0,10.0,+1 Lap,1.0,23.176086956521743,45.87934782608695,37.141304347826086,0.0,2.4847826086956526,2018,Austrian Grand Prix,1,1,10.0
GAS,Toro Rosso,0 days 00:01:11.104571428,280.0,1.0,2.0,23.840579710144926,Toro Rosso,12.0,11.0,+1 Lap,0.0,23.176086956521743,45.87934782608695,37.141304347826086,0.0,2.4847826086956526,2018,Austrian Grand Prix,1,0,1.0
GRO,Haas F1 Team,0 days 00:01:10.534942857,280.0,1.0,2.0,24.44927536231884,Haas F1 Team,5.0,4.0,+1 Lap,12.0,23.176086956521743,45.87934782608695,37.141304347826086,0.0,2.4847826086956526,2018,Austrian Grand Prix,1,1,1.0
HAM,Mercedes,0 days 00:01:09.929870967,291.0,2.0,3.0,12.966666666666667,Mercedes,2.0,16.0,Fuel pressure,0.0,23.176086956521743,45.87934782608695,37.141304347826086,0.0,2.4847826086956526,2018,Austrian Grand Prix,1,0,-14.0
HAR,Toro Rosso,0 days 00:01:11.728611111,282.0,0.0,1.0,27.0,Toro Rosso,19.0,17.0,Hydraulics,0.0,23.176086956521743,45.87934782608695,37.141304347826086,0.0,2.4847826086956526,2018,Austrian Grand Prix,1,0,2.0
HUL,Renault,0 days 00:01:11.812181818,280.0,0.0,1.0,8.5,Renault,10.0,20.0,Engine,0.0,23.176086956521743,45.87934782608695,37.141304347826086,0.0,2.4847826086956526,2018,Austrian Grand Prix,1,0,-10.0
LEC,Sauber,0 days 00:01:11.006700,285.0,1.0,2.0,23.840579710144926,Sauber,18.0,9.0,+1 Lap,2.0,23.176086956521743,45.87934782608695,37.141304347826086,0.0,2.4847826086956526,2018,Austrian Grand Prix,1,1,9.0
MAG,Haas F1 Team,0 days 00:01:10.557500,284.0,1.0,2.0,19.73913043478261,Haas F1 Team,8.0,5.0,+1 Lap,10.0,23.176086956521743,45.87934782608695,37.141304347826086,0.0,2.4847826086956526,2018,Austrian Grand Prix,1,1,3.0
OCO,Force India,0 days 00:01:10.713500,285.0,1.0,2.0,23.840579710144926,Force India,11.0,6.0,+1 Lap,8.0,23.176086956521743,45.87934782608695,37.141304347826086,0.0,2.4847826086956526,2018,Austrian Grand Prix,1,1,5.0
PER,Force India,0 days 00:01:10.734900,286.0,1.0,2.0,18.797101449275363,Force India,16.0,7.0,+1 Lap,6.0,23.176086956521743,45.87934782608695,37.141304347826086,0.0,2.4847826086956526,2018,Austrian Grand Prix,1,1,9.0
RAI,Ferrari,0 days 00:01:09.260957746,288.0,1.0,2.0,24.9,Ferrari,3.0,2.0,Finished,18.0,23.176086956521743,45.87934782608695,37.141304347826086,0.0,2.4847826086956526,2018,Austrian Grand Prix,0,1,1.0
RIC,Red Bull Racing,0 days 00:01:10.269132075,283.0,2.0,3.0,11.884615384615385,Red Bull Racing,7.0,18.0,Exhaust,0.0,23.176086956521743,45.87934782608695,37.141304347826086,0.0,2.4847826086956526,2018,Austrian Grand Prix,1,0,-11.0
SAI,Renault,0 days 00:01:11.176300,285.0,2.0,3.0,14.53623188405797,Renault,9.0,12.0,+1 Lap,0.0,23.176086956521743,45.87934782608695,37.141304347826086,0.0,2.4847826086956526,2018,Austrian Grand Prix,1,0,-3.0
SIR,Williams,0 days 00:01:11.768971014,283.0,2.0,3.0,14.514705882352942,Williams,17.0,13.0,+2 Laps,0.0,23.176086956521743,45.87934782608695,37.141304347826086,0.0,2.4847826086956526,2018,Austrian Grand Prix,1,0,4.0
STR,Williams,0 days 00:01:11.650579710,287.0,2.0,3.0,20.441176470588236,Williams,14.0,14.0,+2 Laps,0.0,23.176086956521743,45.87934782608695,37.141304347826086,0.0,2.4847826086956526,2018,Austrian Grand Prix,1,0,0.0
VAN,McLaren,0 days 00:01:12.752138461,285.0,3.0,2.0,17.265625,McLaren,15.0,15.0,Collision damage,0.0,23.176086956521743,45.87934782608695,37.141304347826086,0.0,2.4847826086956526,2018,Austrian Grand Prix,1,0,0.0
VER,Red Bull Racing,0 days 00:01:09.239774647,282.0,1.0,2.0,24.9,Red Bull Racing,4.0,1.0,Finished,25.0,23.176086956521743,45.87934782608695,37.141304347826086,0.0,2.4847826086956526,2018,Austrian Grand Prix,0,1,3.0
VET,Ferrari,0 days 00:01:09.284577464,288.0,1.0,2.0,24.9,Ferrari,6.0,3.0,Finished,15.0,23.176086956521743,45.87934782608695,37.141304347826086,0.0,2.4847826086956526,2018,Austrian Grand Prix,0,1,3.0
ALO,McLaren,0 days 00:01:41.555750,248.0,2.0,3.0,10.156862745098039,McLaren,13.0,8.0,Finished,4.0,27.43163265306122,52.16938775510204,38.73979591836735,0.0,1.4612244897959183,2018,British Grand Prix,0,1,5.0
BOT,Mercedes,0 days 00:01:40.167862745,253.0,1.0,2.0,15.04,Mercedes,4.0,4.0,Finished,12.0,27.43163265306122,52.16938775510204,38.73979591836735,0.0,1.4612244897959183,2018,British Grand Prix,0,1,0.0
ERI,Sauber,0 days 00:01:36.574193548,248.0,1.0,2.0,10.133333333333333,Sauber,15.0,18.0,Accident,0.0,27.43163265306122,52.16938775510204,38.73979591836735,0.0,1.4612244897959183,2018,British Grand Prix,1,0,-3.0
GAS,Toro Rosso,0 days 00:01:41.613711538,247.0,2.0,3.0,10.549019607843137,Toro Rosso,14.0,13.0,Finished,0.0,27.43163265306122,52.16938775510204,38.73979591836735,0.0,1.4612244897959183,2018,British Grand Prix,0,0,1.0
GRO,Haas F1 Team,0 days 00:01:40.463783783,246.0,1.0,2.0,12.944444444444445,Haas F1 Team,8.0,16.0,Collision,0.0,27.43163265306122,52.16938775510204,38.73979591836735,0.0,1.4612244897959183,2018,British Grand Prix,1,0,-8.0
HAM,Mercedes,0 days 00:01:41.000923076,253.0,1.0,2.0,15.176470588235293,Mercedes,1.0,2.0,Finished,18.0,27.43163265306122,52.16938775510204,38.73979591836735,0.0,1.4612244897959183,2018,British Grand Prix,0,1,-1.0
HAR,Toro Rosso,0 days 00:02:54.472000,,1.0,0.0,,Toro Rosso,0.0,20.0,Power Unit,0.0,27.43163265306122,52.16938775510204,38.73979591836735,0.0,1.4612244897959183,2018,British Grand Prix,1,0,-20.0
HUL,Renault,0 days 00:01:41.500076923,248.0,1.0,2.0,14.07843137254902,Renault,11.0,6.0,Finished,8.0,27.43163265306122,52.16938775510204,38.73979591836735,0.0,1.4612244897959183,2018,British Grand Prix,0,1,5.0
LEC,Sauber,0 days 00:01:35.937500,246.0,1.0,1.0,14.0,Sauber,9.0,19.0,Tyre,0.0,27.43163265306122,52.16938775510204,38.73979591836735,0.0,1.4612244897959183,2018,British Grand Prix,1,0,-10.0
MAG,Haas F1 Team,0 days 00:01:41.595615384,250.0,1.0,2.0,14.705882352941176,Haas F1 Team,7.0,9.0,Finished,2.0,27.43163265306122,52.16938775510204,38.73979591836735,0.0,1.4612244897959183,2018,British Grand Prix,0,1,-2.0
OCO,Force India,0 days 00:01:41.532961538,250.0,1.0,2.0,15.411764705882353,Force India,10.0,7.0,Finished,6.0,27.43163265306122,52.16938775510204,38.73979591836735,0.0,1.4612244897959183,2018,British Grand Prix,0,1,3.0
PER,Force India,0 days 00:01:41.624846153,252.0,2.0,3.0,10.549019607843137,Force India,12.0,10.0,Finished,1.0,27.43163265306122,52.16938775510204,38.73979591836735,0.0,1.4612244897959183,2018,British Grand Prix,0,1,2.0
RAI,Ferrari,0 days 00:01:41.027615384,257.0,2.0,3.0,10.07843137254902,Ferrari,3.0,3.0,Finished,15.0,27.43163265306122,52.16938775510204,38.73979591836735,0.0,1.4612244897959183,2018,British Grand Prix,0,1,0.0
RIC,Red Bull Racing,0 days 00:01:41.140076923,251.0,2.0,3.0,10.490196078431373,Red Bull Racing,6.0,5.0,Finished,10.0,27.43163265306122,52.16938775510204,38.73979591836735,0.0,1.4612244897959183,2018,British Grand Prix,0,1,1.0
SAI,Renault,0 days 00:01:40.469000,247.0,2.0,3.0,7.527777777777778,Renault,16.0,17.0,Collision,0.0,27.43163265306122,52.16938775510204,38.73979591836735,0.0,1.4612244897959183,2018,British Grand Prix,1,0,-1.0
SIR,Williams,0 days 00:01:41.882634615,250.0,1.0,2.0,13.843137254901961,Williams,18.0,14.0,Finished,0.0,27.43163265306122,52.16938775510204,38.73979591836735,0.0,1.4612244897959183,2018,British Grand Prix,0,0,4.0
STR,Williams,0 days 00:01:41.690192307,251.0,1.0,2.0,13.490196078431373,Williams,19.0,12.0,Finished,0.0,27.43163265306122,52.16938775510204,38.73979591836735,0.0,1.4612244897959183,2018,British Grand Prix,0,0,7.0
VAN,McLaren,0 days 00:01:41.645346153,325.0,2.0,3.0,9.372549019607844,McLaren,17.0,11.0,Finished,0.0,27.43163265306122,52.16938775510204,38.73979591836735,0.0,1.4612244897959183,2018,British Grand Prix,0,0,6.0
VER,Red Bull Racing,0 days 00:01:42.623456521,252.0,2.0,3.0,9.133333333333333,Red Bull Racing,5.0,15.0,Brakes,0.0,27.43163265306122,52.16938775510204,38.73979591836735,0.0,1.4612244897959183,2018,British Grand Prix,1,0,-10.0
VET,Ferrari,0 days 00:01:37.849775510,256.0,2.0,3.0,10.574468085106384,Ferrari,2.0,1.0,Finished,25.0,27.43163265306122,52.16938775510204,38.73979591836735,0.0,1.4612244897959183,2018,British Grand Prix,0,1,1.0
ALO,McLaren,0 days 00:01:24.813784615,273.0,4.0,4.0,12.15625,McLaren,11.0,16.0,Retired,0.0,26.40192307692308,40.66826923076923,54.80769230769231,0.25961538461538464,2.0086538461538463,2018,German Grand Prix,1,0,-5.0
BOT,Mercedes,0 days 00:01:22.901194029,274.0,2.0,3.0,13.318181818181818,Mercedes,2.0,2.0,Finished,18.0,26.40192307692308,40.66826923076923,54.80769230769231,0.25961538461538464,2.0086538461538463,2018,German Grand Prix,0,1,0.0
ERI,Sauber,0 days 00:01:23.316522388,274.0,1.0,2.0,17.242424242424242,Sauber,13.0,9.0,Finished,2.0,26.40192307692308,40.66826923076923,54.80769230769231,0.25961538461538464,2.0086538461538463,2018,German Grand Prix,0,1,4.0
GAS,Toro Rosso,0 days 00:01:24.674090909,267.0,2.0,3.0,17.215384615384615,Toro Rosso,16.0,14.0,+1 Lap,0.0,26.40192307692308,40.66826923076923,54.80769230769231,0.25961538461538464,2.0086538461538463,2018,German Grand Prix,1,0,2.0
GRO,Haas F1 Team,0 days 00:01:23.264417910,274.0,3.0,4.0,13.136363636363637,Haas F1 Team,6.0,6.0,Finished,8.0,26.40192307692308,40.66826923076923,54.80769230769231,0.25961538461538464,2.0086538461538463,2018,German Grand Prix,0,1,0.0
HAM,Mercedes,0 days 00:01:22.833507462,275.0,1.0,2.0,17.96969696969697,Mercedes,14.0,1.0,Finished,25.0,26.40192307692308,40.66826923076923,54.80769230769231,0.25961538461538464,2.0086538461538463,2018,German Grand Prix,0,1,13.0
HAR,Toro Rosso,0 days 00:01:23.343910447,272.0,2.0,3.0,12.090909090909092,Toro Rosso,17.0,10.0,Finished,1.0,26.40192307692308,40.66826923076923,54.80769230769231,0.25961538461538464,2.0086538461538463,2018,German Grand Prix,0,1,7.0
HUL,Renault,0 days 00:01:23.230656716,269.0,3.0,4.0,13.469696969696969,Renault,7.0,5.0,Finished,10.0,26.40192307692308,40.66826923076923,54.80769230769231,0.25961538461538464,2.0086538461538463,2018,German Grand Prix,0,1,2.0
LEC,Sauber,0 days 00:01:24.701242424,269.0,3.0,4.0,13.523076923076923,Sauber,9.0,15.0,+1 Lap,0.0,26.40192307692308,40.66826923076923,54.80769230769231,0.25961538461538464,2.0086538461538463,2018,German Grand Prix,1,0,-6.0
MAG,Haas F1 Team,0 days 00:01:23.354686567,272.0,3.0,4.0,13.242424242424242,Haas F1 Team,5.0,11.0,Finished,0.0,26.40192307692308,40.66826923076923,54.80769230769231,0.25961538461538464,2.0086538461538463,2018,German Grand Prix,0,0,-6.0
OCO,Force India,0 days 00:01:23.307388059,272.0,1.0,2.0,18.227272727272727,Force India,15.0,8.0,Finished,4.0,26.40192307692308,40.66826923076923,54.80769230769231,0.25961538461538464,2.0086538461538463,2018,German Grand Prix,0,1,7.0
PER,Force India,0 days 00:01:23.289567164,270.0,1.0,2.0,20.136363636363637,Force India,10.0,7.0,Finished,6.0,26.40192307692308,40.66826923076923,54.80769230769231,0.25961538461538464,2.0086538461538463,2018,German Grand Prix,0,1,3.0
RAI,Ferrari,0 days 00:01:22.933985074,278.0,2.0,3.0,15.378787878787879,Ferrari,3.0,3.0,Finished,15.0,26.40192307692308,40.66826923076923,54.80769230769231,0.25961538461538464,2.0086538461538463,2018,German Grand Prix,0,1,0.0
RIC,Red Bull Racing,0 days 00:01:20.254037037,268.0,0.0,1.0,13.5,Red Bull Racing,20.0,20.0,Engine,0.0,26.40192307692308,40.66826923076923,54.80769230769231,0.25961538461538464,2.0086538461538463,2018,German Grand Prix,1,0,0.0
SAI,Renault,0 days 00:01:23.327074626,277.0,3.0,4.0,12.606060606060606,Renault,8.0,12.0,Finished,0.0,26.40192307692308,40.66826923076923,54.80769230769231,0.25961538461538464,2.0086538461538463,2018,German Grand Prix,0,0,-4.0
SIR,Williams,0 days 00:01:22.339215686,269.0,2.0,2.0,13.08,Williams,12.0,19.0,Engine,0.0,26.40192307692308,40.66826923076923,54.80769230769231,0.25961538461538464,2.0086538461538463,2018,German Grand Prix,1,0,-7.0
STR,Williams,0 days 00:01:24.084433962,268.0,3.0,3.0,12.173076923076923,Williams,18.0,17.0,Engine,0.0,26.40192307692308,40.66826923076923,54.80769230769231,0.25961538461538464,2.0086538461538463,2018,German Grand Prix,1,0,1.0
VAN,McLaren,0 days 00:01:23.529283582,269.0,2.0,3.0,12.151515151515152,McLaren,19.0,13.0,Finished,0.0,26.40192307692308,40.66826923076923,54.80769230769231,0.25961538461538464,2.0086538461538463,2018,German Grand Prix,0,0,6.0
VER,Red Bull Racing,0 days 00:01:22.947746268,272.0,3.0,4.0,12.984848484848484,Red Bull Racing,4.0,4.0,Finished,12.0,26.40192307692308,40.66826923076923,54.80769230769231,0.25961538461538464,2.0086538461538463,2018,German Grand Prix,0,1,0.0
VET,Ferrari,0 days 00:01:19.092000,271.0,1.0,2.0,14.204081632653061,Ferrari,1.0,18.0,Accident,0.0,26.40192307692308,40.66826923076923,54.80769230769231,0.25961538461538464,2.0086538461538463,2018,German Grand Prix,1,0,-17.0
ALO,McLaren,0 days 00:01:25.190739130,255.0,1.0,2.0,17.735294117647058,McLaren,11.0,8.0,+1 Lap,4.0,33.75887850467289,51.08971962616822,33.00654205607477,0.0,1.1429906542056074,2018,Hungarian Grand Prix,1,1,3.0
BOT,Mercedes,0 days 00:01:24.091814285,257.0,1.0,2.0,23.840579710144926,Mercedes,2.0,5.0,Finished,10.0,33.75887850467289,51.08971962616822,33.00654205607477,0.0,1.1429906542056074,2018,Hungarian Grand Prix,0,1,-3.0
ERI,Sauber,0 days 00:01:26.437132352,256.0,1.0,2.0,29.37313432835821,Sauber,14.0,15.0,+2 Laps,0.0,33.75887850467289,51.08971962616822,33.00654205607477,0.0,1.1429906542056074,2018,Hungarian Grand Prix,1,0,-1.0
GAS,Toro Rosso,0 days 00:01:24.424285714,253.0,1.0,2.0,17.92753623188406,Toro Rosso,6.0,6.0,Finished,8.0,33.75887850467289,51.08971962616822,33.00654205607477,0.0,1.1429906542056074,2018,Hungarian Grand Prix,0,1,0.0
GRO,Haas F1 Team,0 days 00:01:25.377463768,257.0,1.0,2.0,18.029411764705884,Haas F1 Team,10.0,10.0,+1 Lap,1.0,33.75887850467289,51.08971962616822,33.00654205607477,0.0,1.1429906542056074,2018,Hungarian Grand Prix,1,1,0.0
HAM,Mercedes,0 days 00:01:23.377528571,256.0,1.0,2.0,19.279411764705884,Mercedes,1.0,1.0,Finished,25.0,33.75887850467289,51.08971962616822,33.00654205607477,0.0,1.1429906542056074,2018,Hungarian Grand Prix,0,1,0.0
HAR,Toro Rosso,0 days 00:01:25.397101449,250.0,1.0,2.0,19.279411764705884,Toro Rosso,8.0,11.0,+1 Lap,0.0,33.75887850467289,51.08971962616822,33.00654205607477,0.0,1.1429906542056074,2018,Hungarian Grand Prix,1,0,-3.0
HUL,Renault,0 days 00:01:25.487275362,258.0,2.0,3.0,12.073529411764707,Renault,13.0,12.0,+1 Lap,0.0,33.75887850467289,51.08971962616822,33.00654205607477,0.0,1.1429906542056074,2018,Hungarian Grand Prix,1,0,1.0
LEC,,,,,,,Sauber,17.0,20.0,Suspension,0.0,33.75887850467289,51.08971962616822,33.00654205607477,0.0,1.1429906542056074,2018,Hungarian Grand Prix,1,0,-3.0
MAG,Haas F1 Team,0 days 00:01:24.657768115,254.0,1.0,2.0,17.735294117647058,Haas F1 Team,9.0,7.0,+1 Lap,6.0,33.75887850467289,51.08971962616822,33.00654205607477,0.0,1.1429906542056074,2018,Hungarian Grand Prix,1,1,2.0
OCO,Force India,0 days 00:01:25.612028985,254.0,1.0,2.0,17.735294117647058,Force India,18.0,13.0,+1 Lap,0.0,33.75887850467289,51.08971962616822,33.00654205607477,0.0,1.1429906542056074,2018,Hungarian Grand Prix,1,0,5.0
PER,Force India,0 days 00:01:25.752362318,256.0,1.0,2.0,19.985294117647058,Force India,19.0,14.0,+1 Lap,0.0,33.75887850467289,51.08971962616822,33.00654205607477,0.0,1.1429906542056074,2018,Hungarian Grand Prix,1,0,5.0
RAI,Ferrari,0 days 00:01:23.664685714,262.0,2.0,3.0,13.318840579710145,Ferrari,3.0,3.0,Finished,15.0,33.75887850467289,51.08971962616822,33.00654205607477,0.0,1.1429906542056074,2018,Hungarian Grand Prix,0,1,0.0
RIC,Red Bull Racing,0 days 00:01:24.040657142,259.0,1.0,2.0,18.797101449275363,Red Bull Racing,12.0,4.0,Finished,12.0,33.75887850467289,51.08971962616822,33.00654205607477,0.0,1.1429906542056074,2018,Hungarian Grand Prix,0,1,8.0
SAI,Renault,0 days 00:01:25.369913043,254.0,1.0,2.0,18.970588235294116,Renault,5.0,9.0,+1 Lap,2.0,33.75887850467289,51.08971962616822,33.00654205607477,0.0,1.1429906542056074,2018,Hungarian Grand Prix,1,1,-4.0
SIR,Williams,0 days 00:01:26.578132352,256.0,1.0,2.0,17.432835820895523,Williams,20.0,16.0,+2 Laps,0.0,33.75887850467289,51.08971962616822,33.00654205607477,0.0,1.1429906542056074,2018,Hungarian Grand Prix,1,0,4.0
STR,Williams,0 days 00:01:26.588558823,259.0,1.0,2.0,19.582089552238806,Williams,15.0,17.0,+2 Laps,0.0,33.75887850467289,51.08971962616822,33.00654205607477,0.0,1.1429906542056074,2018,Hungarian Grand Prix,1,0,-2.0
VAN,McLaren,0 days 00:01:25.590061224,254.0,1.0,2.0,17.1875,McLaren,16.0,18.0,Gearbox,0.0,33.75887850467289,51.08971962616822,33.00654205607477,0.0,1.1429906542056074,2018,Hungarian Grand Prix,1,0,-2.0
VER,Red Bull Racing,0 days 00:01:25.611800,247.0,0.0,1.0,2.5,Red Bull Racing,7.0,19.0,Power loss,0.0,33.75887850467289,51.08971962616822,33.00654205607477,0.0,1.1429906542056074,2018,Hungarian Grand Prix,1,0,-12.0
VET,Ferrari,0 days 00:01:23.622142857,261.0,1.0,2.0,17.92753623188406,Ferrari,4.0,2.0,Finished,18.0,33.75887850467289,51.08971962616822,33.00654205607477,0.0,1.1429906542056074,2018,Hungarian Grand Prix,0,1,2.0
ALO,,,,,,,McLaren,15.0,19.0,Accident,0.0,17.327358490566038,27.89811320754717,37.700943396226414,0.0,2.039622641509434,2018,Belgian Grand Prix,1,0,-4.0
BOT,Mercedes,0 days 00:01:51.230073170,226.0,2.0,2.0,14.25,Mercedes,19.0,4.0,Finished,12.0,17.327358490566038,27.89811320754717,37.700943396226414,0.0,2.039622641509434,2018,Belgian Grand Prix,0,1,15.0
ERI,Sauber,0 days 00:01:52.357075,223.0,2.0,2.0,12.666666666666666,Sauber,13.0,10.0,+1 Lap,1.0,17.327358490566038,27.89811320754717,37.700943396226414,0.0,2.039622641509434,2018,Belgian Grand Prix,1,1,3.0
GAS,Toro Rosso,0 days 00:01:52.068000,220.0,2.0,2.0,12.625,Toro Rosso,10.0,9.0,Finished,2.0,17.327358490566038,27.89811320754717,37.700943396226414,0.0,2.039622641509434,2018,Belgian Grand Prix,0,1,1.0
GRO,Haas F1 Team,0 days 00:01:51.514170731,220.0,2.0,2.0,15.425,Haas F1 Team,5.0,7.0,Finished,6.0,17.327358490566038,27.89811320754717,37.700943396226414,0.0,2.039622641509434,2018,Belgian Grand Prix,0,1,-2.0
HAM,Mercedes,0 days 00:01:49.613024390,225.0,2.0,2.0,13.7,Mercedes,1.0,2.0,Finished,18.0,17.327358490566038,27.89811320754717,37.700943396226414,0.0,2.039622641509434,2018,Belgian Grand Prix,0,1,-1.0
HAR,Toro Rosso,0 days 00:01:53.304475,221.0,2.0,2.0,14.461538461538462,Toro Rosso,11.0,14.0,+1 Lap,0.0,17.327358490566038,27.89811320754717,37.700943396226414,0.0,2.039622641509434,2018,Belgian Grand Prix,1,0,-3.0
HUL,,,,,,,Renault,20.0,20.0,Accident,0.0,17.327358490566038,27.89811320754717,37.700943396226414,0.0,2.039622641509434,2018,Belgian Grand Prix,1,0,0.0
LEC,,,,,,,Sauber,12.0,18.0,Accident,0.0,17.327358490566038,27.89811320754717,37.700943396226414,0.0,2.039622641509434,2018,Belgian Grand Prix,1,0,-6.0
MAG,Haas F1 Team,0 days 00:01:51.573731707,221.0,2.0,2.0,15.8,Haas F1 Team,9.0,8.0,Finished,4.0,17.327358490566038,27.89811320754717,37.700943396226414,0.0,2.039622641509434,2018,Belgian Grand Prix,0,1,1.0
OCO,Racing Point,0 days 00:01:51.304560975,222.0,2.0,2.0,14.0,Racing Point,3.0,6.0,Finished,8.0,17.327358490566038,27.89811320754717,37.700943396226414,0.0,2.039622641509434,2018,Belgian Grand Prix,0,1,-3.0
PER,Racing Point,0 days 00:01:51.090853658,224.0,2.0,2.0,14.2,Racing Point,4.0,5.0,Finished,10.0,17.327358490566038,27.89811320754717,37.700943396226414,0.0,2.039622641509434,2018,Belgian Grand Prix,0,1,-1.0
RAI,Ferrari,0 days 00:02:20.740400,220.0,2.0,1.0,4.0,Ferrari,6.0,17.0,Brakes,0.0,17.327358490566038,27.89811320754717,37.700943396226414,0.0,2.039622641509434,2018,Belgian Grand Prix,1,0,-11.0
RIC,Red Bull Racing,0 days 00:01:53.013444444,220.0,2.0,1.0,14.5,Red Bull Racing,8.0,16.0,Retired,0.0,17.327358490566038,27.89811320754717,37.700943396226414,0.0,2.039622641509434,2018,Belgian Grand Prix,1,0,-8.0
SAI,Renault,0 days 00:01:52.819850,222.0,2.0,2.0,12.153846153846153,Renault,14.0,11.0,+1 Lap,0.0,17.327358490566038,27.89811320754717,37.700943396226414,0.0,2.039622641509434,2018,Belgian Grand Prix,1,0,3.0
SIR,Williams,0 days 00:01:52.755375,223.0,2.0,2.0,12.307692307692308,Williams,16.0,12.0,+1 Lap,0.0,17.327358490566038,27.89811320754717,37.700943396226414,0.0,2.039622641509434,2018,Belgian Grand Prix,1,0,4.0
STR,Williams,0 days 00:01:52.831375,224.0,2.0,2.0,12.205128205128204,Williams,17.0,13.0,+1 Lap,0.0,17.327358490566038,27.89811320754717,37.700943396226414,0.0,2.039622641509434,2018,Belgian Grand Prix,1,0,4.0
VAN,McLaren,0 days 00:01:53.567725,221.0,2.0,2.0,12.0,McLaren,18.0,15.0,+1 Lap,0.0,17.327358490566038,27.89811320754717,37.700943396226414,0.0,2.039622641509434,2018,Belgian Grand Prix,1,0,3.0
VER,Red Bull Racing,0 days 00:01:50.159243902,222.0,2.0,2.0,14.45,Red Bull Racing,7.0,3.0,Finished,15.0,17.327358490566038,27.89811320754717,37.700943396226414,0.0,2.039622641509434,2018,Belgian Grand Prix,0,1,4.0
VET,Ferrari,0 days 00:01:49.313829268,223.0,2.0,2.0,13.3,Ferrari,2.0,1.0,Finished,25.0,17.327358490566038,27.89811320754717,37.700943396226414,0.0,2.039622641509434,2018,Belgian Grand Prix,0,1,1.0
ALO,McLaren,0 days 00:01:42.536555555,309.0,1.0,1.0,4.5,McLaren,13.0,18.0,Engine,0.0,22.189898989898992,30.822222222222223,63.8070707070707,0.23232323232323232,2.1242424242424245,2018,Italian Grand Prix,1,0,-5.0
BOT,Mercedes,0 days 00:01:27.331132075,322.0,1.0,2.0,17.076923076923077,Mercedes,4.0,3.0,Finished,15.0,22.189898989898992,30.822222222222223,63.8070707070707,0.23232323232323232,2.1242424242424245,2018,Italian Grand Prix,0,1,1.0
ERI,Sauber,0 days 00:01:29.310538461,313.0,2.0,2.0,17.96078431372549,Sauber,18.0,15.0,+1 Lap,0.0,22.189898989898992,30.822222222222223,63.8070707070707,0.23232323232323232,2.1242424242424245,2018,Italian Grand Prix,1,0,3.0
GAS,Toro Rosso,0 days 00:01:29.250634615,314.0,1.0,2.0,16.294117647058822,Toro Rosso,9.0,14.0,+1 Lap,0.0,22.189898989898992,30.822222222222223,63.8070707070707,0.23232323232323232,2.1242424242424245,2018,Italian Grand Prix,1,0,-5.0
GRO,Haas F1 Team,0 days 00:01:28.128377358,313.0,1.0,2.0,15.076923076923077,Haas F1 Team,6.0,20.0,Disqualified,0.0,22.189898989898992,30.822222222222223,63.8070707070707,0.23232323232323232,2.1242424242424245,2018,Italian Grand Prix,1,0,-14.0
HAM,Mercedes,0 days 00:01:27.065735849,323.0,1.0,2.0,15.076923076923077,Mercedes,3.0,1.0,Finished,25.0,22.189898989898992,30.822222222222223,63.8070707070707,0.23232323232323232,2.1242424242424245,2018,Italian Grand Prix,0,1,2.0
HAR,,,,,,,Toro Rosso,16.0,19.0,Brakes,0.0,22.189898989898992,30.822222222222223,63.8070707070707,0.23232323232323232,2.1242424242424245,2018,Italian Grand Prix,1,0,-3.0
HUL,Renault,0 days 00:01:29.199288461,323.0,2.0,2.0,17.372549019607842,Renault,20.0,13.0,+1 Lap,0.0,22.189898989898992,30.822222222222223,63.8070707070707,0.23232323232323232,2.1242424242424245,2018,Italian Grand Prix,1,0,7.0
LEC,Sauber,0 days 00:01:28.966307692,320.0,1.0,2.0,14.352941176470589,Sauber,15.0,11.0,+1 Lap,0.0,22.189898989898992,30.822222222222223,63.8070707070707,0.23232323232323232,2.1242424242424245,2018,Italian Grand Prix,1,0,4.0
MAG,Haas F1 Team,0 days 00:01:30.348500,310.0,1.0,2.0,24.11764705882353,Haas F1 Team,11.0,16.0,+1 Lap,0.0,22.189898989898992,30.822222222222223,63.8070707070707,0.23232323232323232,2.1242424242424245,2018,Italian Grand Prix,1,0,-5.0
OCO,Racing Point,0 days 00:01:28.155566037,316.0,1.0,2.0,17.96153846153846,Racing Point,8.0,6.0,Finished,8.0,22.189898989898992,30.822222222222223,63.8070707070707,0.23232323232323232,2.1242424242424245,2018,Italian Grand Prix,0,1,2.0
PER,Racing Point,0 days 00:01:28.172867924,323.0,1.0,2.0,16.26923076923077,Racing Point,14.0,7.0,Finished,6.0,22.189898989898992,30.822222222222223,63.8070707070707,0.23232323232323232,2.1242424242424245,2018,Italian Grand Prix,0,1,7.0
RAI,Ferrari,0 days 00:01:27.229981132,319.0,1.0,2.0,15.411764705882353,Ferrari,1.0,2.0,Finished,18.0,22.189898989898992,30.822222222222223,63.8070707070707,0.23232323232323232,2.1242424242424245,2018,Italian Grand Prix,0,1,-1.0
RIC,Red Bull Racing,0 days 00:01:31.698695652,321.0,1.0,1.0,11.5,Red Bull Racing,19.0,17.0,Engine,0.0,22.189898989898992,30.822222222222223,63.8070707070707,0.23232323232323232,2.1242424242424245,2018,Italian Grand Prix,1,0,2.0
SAI,Renault,0 days 00:01:28.540075471,323.0,1.0,2.0,18.46153846153846,Renault,7.0,8.0,Finished,4.0,22.189898989898992,30.822222222222223,63.8070707070707,0.23232323232323232,2.1242424242424245,2018,Italian Grand Prix,0,1,-1.0
SIR,Williams,0 days 00:01:28.858769230,312.0,1.0,2.0,15.411764705882353,Williams,12.0,10.0,+1 Lap,1.0,22.189898989898992,30.822222222222223,63.8070707070707,0.23232323232323232,2.1242424242424245,2018,Italian Grand Prix,1,1,2.0
STR,Williams,0 days 00:01:28.754326923,315.0,1.0,2.0,16.666666666666668,Williams,10.0,9.0,+1 Lap,2.0,22.189898989898992,30.822222222222223,63.8070707070707,0.23232323232323232,2.1242424242424245,2018,Italian Grand Prix,1,1,1.0
VAN,McLaren,0 days 00:01:29.176826923,310.0,1.0,2.0,13.372549019607844,McLaren,17.0,12.0,+1 Lap,0.0,22.189898989898992,30.822222222222223,63.8070707070707,0.23232323232323232,2.1242424242424245,2018,Italian Grand Prix,1,0,5.0
VER,Red Bull Racing,0 days 00:01:27.314943396,317.0,1.0,2.0,14.961538461538462,Red Bull Racing,5.0,5.0,Finished,10.0,22.189898989898992,30.822222222222223,63.8070707070707,0.23232323232323232,2.1242424242424245,2018,Italian Grand Prix,0,1,0.0
VET,Ferrari,0 days 00:01:27.370471698,328.0,2.0,2.0,14.961538461538462,Ferrari,2.0,4.0,Finished,12.0,22.189898989898992,30.822222222222223,63.8070707070707,0.23232323232323232,2.1242424242424245,2018,Italian Grand Prix,0,1,-2.0
ALO,McLaren,0 days 00:01:48.386241379,256.0,1.0,2.0,17.07017543859649,McLaren,11.0,7.0,Finished,6.0,29.86541353383459,33.12406015037594,66.03609022556391,0.0,1.978947368421053,2018,Singapore Grand Prix,0,1,4.0
BOT,Mercedes,0 days 00:01:47.477500,257.0,1.0,2.0,20.789473684210527,Mercedes,4.0,4.0,Finished,12.0,29.86541353383459,33.12406015037594,66.03609022556391,0.0,1.978947368421053,2018,Singapore Grand Prix,0,1,0.0
ERI,Sauber,0 days 00:01:49.723719298,252.0,1.0,2.0,27.571428571428573,Sauber,14.0,11.0,+1 Lap,0.0,29.86541353383459,33.12406015037594,66.03609022556391,0.0,1.978947368421053,2018,Singapore Grand Prix,1,0,3.0
GAS,Toro Rosso,0 days 00:01:49.808929824,251.0,1.0,2.0,16.321428571428573,Toro Rosso,15.0,13.0,+1 Lap,0.0,29.86541353383459,33.12406015037594,66.03609022556391,0.0,1.978947368421053,2018,Singapore Grand Prix,1,0,2.0
GRO,Haas F1 Team,0 days 00:01:49.709105263,253.0,1.0,2.0,20.357142857142858,Haas F1 Team,8.0,15.0,+1 Lap,0.0,29.86541353383459,33.12406015037594,66.03609022556391,0.0,1.978947368421053,2018,Singapore Grand Prix,1,0,-7.0
HAM,Mercedes,0 days 00:01:46.560965517,258.0,1.0,2.0,21.087719298245613,Mercedes,1.0,1.0,Finished,25.0,29.86541353383459,33.12406015037594,66.03609022556391,0.0,1.978947368421053,2018,Singapore Grand Prix,0,1,0.0
HAR,Toro Rosso,0 days 00:01:50.610210526,248.0,2.0,3.0,11.392857142857142,Toro Rosso,17.0,17.0,+1 Lap,0.0,29.86541353383459,33.12406015037594,66.03609022556391,0.0,1.978947368421053,2018,Singapore Grand Prix,1,0,0.0
HUL,Renault,0 days 00:01:49.365000,254.0,1.0,2.0,20.839285714285715,Renault,10.0,10.0,+1 Lap,1.0,29.86541353383459,33.12406015037594,66.03609022556391,0.0,1.978947368421053,2018,Singapore Grand Prix,1,1,0.0
LEC,Sauber,0 days 00:01:49.218210526,253.0,1.0,2.0,16.964285714285715,Sauber,13.0,9.0,+1 Lap,2.0,29.86541353383459,33.12406015037594,66.03609022556391,0.0,1.978947368421053,2018,Singapore Grand Prix,1,1,4.0
MAG,Haas F1 Team,0 days 00:01:50.890875,251.0,3.0,3.0,11.818181818181818,Haas F1 Team,16.0,18.0,+2 Laps,0.0,29.86541353383459,33.12406015037594,66.03609022556391,0.0,1.978947368421053,2018,Singapore Grand Prix,1,0,-2.0
OCO,,,,,,,Racing Point,9.0,20.0,Collision,0.0,29.86541353383459,33.12406015037594,66.03609022556391,0.0,1.978947368421053,2018,Singapore Grand Prix,1,0,-11.0
PER,Racing Point,0 days 00:01:50.173807017,253.0,3.0,4.0,12.196428571428571,Racing Point,7.0,16.0,+1 Lap,0.0,29.86541353383459,33.12406015037594,66.03609022556391,0.0,1.978947368421053,2018,Singapore Grand Prix,1,0,-9.0
RAI,Ferrari,0 days 00:01:47.514948275,260.0,1.0,2.0,18.57894736842105,Ferrari,5.0,5.0,Finished,10.0,29.86541353383459,33.12406015037594,66.03609022556391,0.0,1.978947368421053,2018,Singapore Grand Prix,0,1,0.0
RIC,Red Bull Racing,0 days 00:01:47.530034482,255.0,1.0,2.0,17.70175438596491,Red Bull Racing,6.0,6.0,Finished,8.0,29.86541353383459,33.12406015037594,66.03609022556391,0.0,1.978947368421053,2018,Singapore Grand Prix,0,1,0.0
SAI,Renault,0 days 00:01:48.861105263,254.0,1.0,2.0,16.714285714285715,Renault,12.0,8.0,+1 Lap,4.0,29.86541353383459,33.12406015037594,66.03609022556391,0.0,1.978947368421053,2018,Singapore Grand Prix,1,1,4.0
SIR,Williams,0 days 00:01:52.556438596,254.0,1.0,2.0,27.517857142857142,Williams,19.0,19.0,+2 Laps,0.0,29.86541353383459,33.12406015037594,66.03609022556391,0.0,1.978947368421053,2018,Singapore Grand Prix,1,0,0.0
STR,Williams,0 days 00:01:50.677000,253.0,1.0,2.0,17.31578947368421,Williams,20.0,14.0,+1 Lap,0.0,29.86541353383459,33.12406015037594,66.03609022556391,0.0,1.978947368421053,2018,Singapore Grand Prix,1,0,6.0
VAN,McLaren,0 days 00:01:50.494431034,254.0,1.0,2.0,29.0,McLaren,18.0,12.0,+1 Lap,0.0,29.86541353383459,33.12406015037594,66.03609022556391,0.0,1.978947368421053,2018,Singapore Grand Prix,1,0,6.0
VER,Red Bull Racing,0 days 00:01:46.722017241,253.0,1.0,2.0,20.333333333333332,Red Bull Racing,2.0,2.0,Finished,18.0,29.86541353383459,33.12406015037594,66.03609022556391,0.0,1.978947368421053,2018,Singapore Grand Prix,0,1,0.0
VET,Ferrari,0 days 00:01:47.251155172,258.0,1.0,2.0,21.80701754385965,Ferrari,3.0,3.0,Finished,15.0,29.86541353383459,33.12406015037594,66.03609022556391,0.0,1.978947368421053,2018,Singapore Grand Prix,0,1,0.0
ALO,McLaren,0 days 00:01:42.381826923,166.0,1.0,2.0,22.313725490196077,McLaren,16.0,14.0,+1 Lap,0.0,24.778181818181817,29.945454545454545,61.30818181818182,0.01818181818181818,1.997272727272727,2018,Russian Grand Prix,1,0,2.0
BOT,Mercedes,0 days 00:01:39.013698113,169.0,1.0,2.0,18.54901960784314,Mercedes,1.0,2.0,Finished,18.0,24.778181818181817,29.945454545454545,61.30818181818182,0.01818181818181818,1.997272727272727,2018,Russian Grand Prix,0,1,-1.0
ERI,Sauber,0 days 00:01:42.009000,169.0,2.0,3.0,10.901960784313726,Sauber,10.0,13.0,+1 Lap,0.0,24.778181818181817,29.945454545454545,61.30818181818182,0.01818181818181818,1.997272727272727,2018,Russian Grand Prix,1,0,-3.0
GAS,Toro Rosso,0 days 00:01:55.279000,157.0,1.0,1.0,2.0,Toro Rosso,17.0,19.0,Brakes,0.0,24.778181818181817,29.945454545454545,61.30818181818182,0.01818181818181818,1.997272727272727,2018,Russian Grand Prix,1,0,-2.0
GRO,Haas F1 Team,0 days 00:01:41.586980769,166.0,1.0,2.0,20.372549019607842,Haas F1 Team,9.0,11.0,+1 Lap,0.0,24.778181818181817,29.945454545454545,61.30818181818182,0.01818181818181818,1.997272727272727,2018,Russian Grand Prix,1,0,-2.0
HAM,Mercedes,0 days 00:01:38.965679245,164.0,1.0,2.0,17.5,Mercedes,2.0,1.0,Finished,25.0,24.778181818181817,29.945454545454545,61.30818181818182,0.01818181818181818,1.997272727272727,2018,Russian Grand Prix,0,1,1.0
HAR,Toro Rosso,0 days 00:01:49.781666666,162.0,1.0,1.0,1.5,Toro Rosso,20.0,20.0,Brakes,0.0,24.778181818181817,29.945454545454545,61.30818181818182,0.01818181818181818,1.997272727272727,2018,Russian Grand Prix,1,0,0.0
HUL,Renault,0 days 00:01:41.668192307,164.0,1.0,2.0,14.666666666666666,Renault,12.0,12.0,+1 Lap,0.0,24.778181818181817,29.945454545454545,61.30818181818182,0.01818181818181818,1.997272727272727,2018,Russian Grand Prix,1,0,0.0
LEC,Sauber,0 days 00:01:40.822094339,166.0,1.0,2.0,19.576923076923077,Sauber,7.0,7.0,Finished,6.0,24.778181818181817,29.945454545454545,61.30818181818182,0.01818181818181818,1.997272727272727,2018,Russian Grand Prix,0,1,0.0
MAG,Haas F1 Team,0 days 00:01:41.130403846,165.0,1.0,2.0,19.725490196078432,Haas F1 Team,5.0,8.0,+1 Lap,4.0,24.778181818181817,29.945454545454545,61.30818181818182,0.01818181818181818,1.997272727272727,2018,Russian Grand Prix,1,1,-3.0
OCO,Racing Point,0 days 00:01:41.207480769,162.0,1.0,2.0,19.11764705882353,Racing Point,6.0,9.0,+1 Lap,2.0,24.778181818181817,29.945454545454545,61.30818181818182,0.01818181818181818,1.997272727272727,2018,Russian Grand Prix,1,1,-3.0
PER,Racing Point,0 days 00:01:41.286000,166.0,1.0,2.0,18.019607843137255,Racing Point,8.0,10.0,+1 Lap,1.0,24.778181818181817,29.945454545454545,61.30818181818182,0.01818181818181818,1.997272727272727,2018,Russian Grand Prix,1,1,-2.0
RAI,Ferrari,0 days 00:01:39.277811320,167.0,1.0,2.0,16.03846153846154,Ferrari,4.0,4.0,Finished,12.0,24.778181818181817,29.945454545454545,61.30818181818182,0.01818181818181818,1.997272727272727,2018,Russian Grand Prix,0,1,0.0
RIC,Red Bull Racing,0 days 00:01:40.483622641,171.0,1.0,2.0,16.26923076923077,Red Bull Racing,18.0,6.0,Finished,8.0,24.778181818181817,29.945454545454545,61.30818181818182,0.01818181818181818,1.997272727272727,2018,Russian Grand Prix,0,1,12.0
SAI,Renault,0 days 00:01:43.044470588,167.0,1.0,2.0,13.72,Renault,11.0,17.0,+2 Laps,0.0,24.778181818181817,29.945454545454545,61.30818181818182,0.01818181818181818,1.997272727272727,2018,Russian Grand Prix,1,0,-6.0
SIR,Williams,0 days 00:01:43.067196078,162.0,1.0,2.0,18.12,Williams,13.0,18.0,+2 Laps,0.0,24.778181818181817,29.945454545454545,61.30818181818182,0.01818181818181818,1.997272727272727,2018,Russian Grand Prix,1,0,-5.0
STR,Williams,0 days 00:01:42.399807692,165.0,1.0,2.0,20.705882352941178,Williams,14.0,15.0,+1 Lap,0.0,24.778181818181817,29.945454545454545,61.30818181818182,0.01818181818181818,1.997272727272727,2018,Russian Grand Prix,1,0,-1.0
VAN,McLaren,0 days 00:01:42.963745098,163.0,1.0,2.0,17.5,McLaren,15.0,16.0,+2 Laps,0.0,24.778181818181817,29.945454545454545,61.30818181818182,0.01818181818181818,1.997272727272727,2018,Russian Grand Prix,1,0,-1.0
VER,Red Bull Racing,0 days 00:01:39.550886792,174.0,1.0,2.0,18.423076923076923,Red Bull Racing,19.0,5.0,Finished,10.0,24.778181818181817,29.945454545454545,61.30818181818182,0.01818181818181818,1.997272727272727,2018,Russian Grand Prix,0,1,14.0
VET,Ferrari,0 days 00:01:39.106943396,169.0,1.0,2.0,17.96153846153846,Ferrari,3.0,3.0,Finished,15.0,24.778181818181817,29.945454545454545,61.30818181818182,0.01818181818181818,1.997272727272727,2018,Russian Grand Prix,0,1,0.0
ALO,McLaren,0 days 00:01:41.560346153,270.0,1.0,2.0,13.254901960784315,McLaren,18.0,14.0,+1 Lap,0.0,28.26481481481482,37.17037037037037,50.51574074074074,0.0,1.7916666666666667,2018,Japanese Grand Prix,1,0,4.0
BOT,Mercedes,0 days 00:01:39.056245283,271.0,1.0,2.0,15.076923076923077,Mercedes,2.0,2.0,Finished,18.0,28.26481481481482,37.17037037037037,50.51574074074074,0.0,1.7916666666666667,2018,Japanese Grand Prix,0,1,0.0
ERI,Sauber,0 days 00:01:40.522254901,266.0,1.0,2.0,22.74,Sauber,20.0,12.0,+1 Lap,0.0,28.26481481481482,37.17037037037037,50.51574074074074,0.0,1.7916666666666667,2018,Japanese Grand Prix,1,0,8.0
GAS,Toro Rosso,0 days 00:01:41.133750,266.0,1.0,2.0,15.019607843137255,Toro Rosso,7.0,11.0,+1 Lap,0.0,28.26481481481482,37.17037037037037,50.51574074074074,0.0,1.7916666666666667,2018,Japanese Grand Prix,1,0,-4.0
GRO,Haas F1 Team,0 days 00:01:40.457735849,266.0,1.0,2.0,15.192307692307692,Haas F1 Team,5.0,8.0,Finished,4.0,28.26481481481482,37.17037037037037,50.51574074074074,0.0,1.7916666666666667,2018,Japanese Grand Prix,0,1,-3.0
HAM,Mercedes,0 days 00:01:38.812490566,269.0,1.0,2.0,14.784313725490197,Mercedes,1.0,1.0,Finished,25.0,28.26481481481482,37.17037037037037,50.51574074074074,0.0,1.7916666666666667,2018,Japanese Grand Prix,0,1,0.0
HAR,Toro Rosso,0 days 00:01:41.553923076,268.0,1.0,2.0,14.882352941176471,Toro Rosso,6.0,13.0,+1 Lap,0.0,28.26481481481482,37.17037037037037,50.51574074074074,0.0,1.7916666666666667,2018,Japanese Grand Prix,1,0,-7.0
HUL,Renault,0 days 00:01:43.394162162,263.0,2.0,2.0,12.86111111111111,Renault,16.0,19.0,Engine,0.0,28.26481481481482,37.17037037037037,50.51574074074074,0.0,1.7916666666666667,2018,Japanese Grand Prix,1,0,-3.0
LEC,Sauber,0 days 00:01:41.657621621,266.0,2.0,3.0,14.416666666666666,Sauber,10.0,18.0,Mechanical,0.0,28.26481481481482,37.17037037037037,50.51574074074074,0.0,1.7916666666666667,2018,Japanese Grand Prix,1,0,-8.0
MAG,Haas F1 Team,0 days 00:01:56.385333333,259.0,1.0,1.0,4.0,Haas F1 Team,12.0,20.0,Collision damage,0.0,28.26481481481482,37.17037037037037,50.51574074074074,0.0,1.7916666666666667,2018,Japanese Grand Prix,1,0,-8.0
OCO,Racing Point,0 days 00:01:40.473905660,271.0,1.0,2.0,14.961538461538462,Racing Point,11.0,9.0,Finished,2.0,28.26481481481482,37.17037037037037,50.51574074074074,0.0,1.7916666666666667,2018,Japanese Grand Prix,0,1,2.0
PER,Racing Point,0 days 00:01:40.310207547,269.0,1.0,2.0,15.0,Racing Point,9.0,7.0,Finished,6.0,28.26481481481482,37.17037037037037,50.51574074074074,0.0,1.7916666666666667,2018,Japanese Grand Prix,0,1,2.0
RAI,Ferrari,0 days 00:01:39.774716981,270.0,1.0,2.0,16.346153846153847,Ferrari,4.0,5.0,Finished,10.0,28.26481481481482,37.17037037037037,50.51574074074074,0.0,1.7916666666666667,2018,Japanese Grand Prix,0,1,-1.0
RIC,Red Bull Racing,0 days 00:01:39.180320754,264.0,1.0,2.0,13.807692307692308,Red Bull Racing,15.0,4.0,Finished,12.0,28.26481481481482,37.17037037037037,50.51574074074074,0.0,1.7916666666666667,2018,Japanese Grand Prix,0,1,11.0
SAI,Renault,0 days 00:01:40.886615384,268.0,1.0,2.0,13.843137254901961,Renault,13.0,10.0,+1 Lap,1.0,28.26481481481482,37.17037037037037,50.51574074074074,0.0,1.7916666666666667,2018,Japanese Grand Prix,1,1,3.0
SIR,Williams,0 days 00:01:40.661098039,271.0,2.0,3.0,14.08,Williams,17.0,16.0,+1 Lap,0.0,28.26481481481482,37.17037037037037,50.51574074074074,0.0,1.7916666666666667,2018,Japanese Grand Prix,1,0,1.0
STR,Williams,0 days 00:01:41.712442307,266.0,2.0,3.0,9.941176470588236,Williams,14.0,17.0,+1 Lap,0.0,28.26481481481482,37.17037037037037,50.51574074074074,0.0,1.7916666666666667,2018,Japanese Grand Prix,1,0,-3.0
VAN,McLaren,0 days 00:01:41.576269230,263.0,1.0,2.0,13.490196078431373,McLaren,19.0,15.0,+1 Lap,0.0,28.26481481481482,37.17037037037037,50.51574074074074,0.0,1.7916666666666667,2018,Japanese Grand Prix,1,0,4.0
VER,Red Bull Racing,0 days 00:01:39.082207547,266.0,1.0,2.0,15.346153846153847,Red Bull Racing,3.0,3.0,Finished,15.0,28.26481481481482,37.17037037037037,50.51574074074074,0.0,1.7916666666666667,2018,Japanese Grand Prix,0,1,0.0
VET,Ferrari,0 days 00:01:40.130849056,270.0,1.0,2.0,14.961538461538462,Ferrari,8.0,6.0,Finished,8.0,28.26481481481482,37.17037037037037,50.51574074074074,0.0,1.7916666666666667,2018,Japanese Grand Prix,0,1,2.0
ALO,McLaren,0 days 00:02:13.811000,,1.0,1.0,1.0,McLaren,13.0,18.0,Collision,0.0,21.93358778625954,30.486259541984733,37.555725190839695,0.0,2.0908396946564882,2018,United States Grand Prix,1,0,-5.0
BOT,Mercedes,0 days 00:01:41.489053571,207.0,1.0,2.0,16.178571428571427,Mercedes,3.0,5.0,Finished,10.0,21.93358778625954,30.486259541984733,37.555725190839695,0.0,2.0908396946564882,2018,United States Grand Prix,0,1,-2.0
ERI,Sauber,0 days 00:01:43.477890909,210.0,1.0,2.0,14.363636363636363,Sauber,16.0,10.0,+1 Lap,1.0,21.93358778625954,30.486259541984733,37.555725190839695,0.0,2.0908396946564882,2018,United States Grand Prix,1,1,6.0
GAS,Toro Rosso,0 days 00:01:43.924018181,206.0,2.0,3.0,10.836363636363636,Toro Rosso,19.0,12.0,+1 Lap,0.0,21.93358778625954,30.486259541984733,37.555725190839695,0.0,2.0908396946564882,2018,United States Grand Prix,1,0,7.0
GRO,Haas F1 Team,0 days 00:02:19.512500,,2.0,1.0,4.5,Haas F1 Team,8.0,17.0,Collision damage,0.0,21.93358778625954,30.486259541984733,37.555725190839695,0.0,2.0908396946564882,2018,United States Grand Prix,1,0,-9.0
HAM,Mercedes,0 days 00:01:41.089017857,210.0,2.0,3.0,11.821428571428571,Mercedes,1.0,3.0,Finished,15.0,21.93358778625954,30.486259541984733,37.555725190839695,0.0,2.0908396946564882,2018,United States Grand Prix,0,1,-2.0
HAR,Toro Rosso,0 days 00:01:43.454454545,205.0,1.0,2.0,14.254545454545454,Toro Rosso,20.0,9.0,+1 Lap,2.0,21.93358778625954,30.486259541984733,37.555725190839695,0.0,2.0908396946564882,2018,United States Grand Prix,1,1,11.0
HUL,Renault,0 days 00:01:42.604517857,207.0,1.0,2.0,16.178571428571427,Renault,7.0,6.0,Finished,8.0,21.93358778625954,30.486259541984733,37.555725190839695,0.0,2.0908396946564882,2018,United States Grand Prix,0,1,1.0
LEC,Sauber,0 days 00:01:46.216580645,202.0,2.0,2.0,14.32258064516129,Sauber,9.0,15.0,Collision damage,0.0,21.93358778625954,30.486259541984733,37.555725190839695,0.0,2.0908396946564882,2018,United States Grand Prix,1,0,-6.0
MAG,Haas F1 Team,0 days 00:01:42.844642857,207.0,1.0,2.0,14.571428571428571,Haas F1 Team,12.0,20.0,Disqualified,0.0,21.93358778625954,30.486259541984733,37.555725190839695,0.0,2.0908396946564882,2018,United States Grand Prix,1,0,-8.0
OCO,Racing Point,0 days 00:01:42.820196428,208.0,1.0,2.0,16.321428571428573,Racing Point,6.0,19.0,Disqualified,0.0,21.93358778625954,30.486259541984733,37.555725190839695,0.0,2.0908396946564882,2018,United States Grand Prix,1,0,-13.0
PER,Racing Point,0 days 00:01:42.911890909,209.0,1.0,2.0,16.072727272727274,Racing Point,10.0,8.0,Finished,4.0,21.93358778625954,30.486259541984733,37.555725190839695,0.0,2.0908396946564882,2018,United States Grand Prix,0,1,2.0
RAI,Ferrari,0 days 00:01:41.047196428,210.0,1.0,2.0,16.5,Ferrari,2.0,1.0,Finished,25.0,21.93358778625954,30.486259541984733,37.555725190839695,0.0,2.0908396946564882,2018,United States Grand Prix,0,1,1.0
RIC,Red Bull Racing,0 days 00:01:41.608750,203.0,0.0,1.0,7.5,Red Bull Racing,4.0,16.0,Battery,0.0,21.93358778625954,30.486259541984733,37.555725190839695,0.0,2.0908396946564882,2018,United States Grand Prix,1,0,-12.0
SAI,Renault,0 days 00:01:42.743517857,207.0,1.0,2.0,14.785714285714286,Renault,11.0,7.0,Finished,6.0,21.93358778625954,30.486259541984733,37.555725190839695,0.0,2.0908396946564882,2018,United States Grand Prix,0,1,4.0
SIR,Williams,0 days 00:01:44.147981818,206.0,2.0,3.0,10.836363636363636,Williams,14.0,13.0,+1 Lap,0.0,21.93358778625954,30.486259541984733,37.555725190839695,0.0,2.0908396946564882,2018,United States Grand Prix,1,0,1.0
STR,Williams,0 days 00:01:45.194333333,207.0,3.0,4.0,15.518518518518519,Williams,15.0,14.0,+2 Laps,0.0,21.93358778625954,30.486259541984733,37.555725190839695,0.0,2.0908396946564882,2018,United States Grand Prix,1,0,1.0
VAN,McLaren,0 days 00:01:43.503036363,208.0,2.0,3.0,11.636363636363637,McLaren,17.0,11.0,+1 Lap,0.0,21.93358778625954,30.486259541984733,37.555725190839695,0.0,2.0908396946564882,2018,United States Grand Prix,1,0,6.0
VER,Red Bull Racing,0 days 00:01:41.070071428,208.0,1.0,2.0,15.142857142857142,Red Bull Racing,18.0,2.0,Finished,18.0,21.93358778625954,30.486259541984733,37.555725190839695,0.0,2.0908396946564882,2018,United States Grand Prix,0,1,16.0
VET,Ferrari,0 days 00:01:41.372589285,211.0,1.0,2.0,15.964285714285714,Ferrari,5.0,4.0,Finished,12.0,21.93358778625954,30.486259541984733,37.555725190839695,0.0,2.0908396946564882,2018,United States Grand Prix,0,1,1.0
ALO,McLaren,0 days 00:01:27.985333333,246.0,0.0,1.0,2.0,McLaren,12.0,20.0,Engine,0.0,20.1231884057971,34.47028985507246,50.70942028985507,0.0,1.5594202898550724,2018,Mexican Grand Prix,1,0,-8.0
BOT,Mercedes,0 days 00:01:24.592142857,252.0,3.0,4.0,15.128571428571428,Mercedes,5.0,5.0,+1 Lap,10.0,20.1231884057971,34.47028985507246,50.70942028985507,0.0,1.5594202898550724,2018,Mexican Grand Prix,1,1,0.0
ERI,Sauber,0 days 00:01:26.549202898,257.0,1.0,2.0,23.405797101449274,Sauber,10.0,9.0,+2 Laps,2.0,20.1231884057971,34.47028985507246,50.70942028985507,0.0,1.5594202898550724,2018,Mexican Grand Prix,1,1,1.0
GAS,Toro Rosso,0 days 00:01:26.566405797,253.0,2.0,3.0,17.27536231884058,Toro Rosso,20.0,10.0,+2 Laps,1.0,20.1231884057971,34.47028985507246,50.70942028985507,0.0,1.5594202898550724,2018,Mexican Grand Prix,1,1,10.0
GRO,Haas F1 Team,0 days 00:01:26.927382352,254.0,2.0,3.0,17.08823529411765,Haas F1 Team,18.0,16.0,+3 Laps,0.0,20.1231884057971,34.47028985507246,50.70942028985507,0.0,1.5594202898550724,2018,Mexican Grand Prix,1,0,2.0
HAM,Mercedes,0 days 00:01:24.332239436,251.0,2.0,3.0,16.690140845070424,Mercedes,3.0,4.0,Finished,12.0,20.1231884057971,34.47028985507246,50.70942028985507,0.0,1.5594202898550724,2018,Mexican Grand Prix,0,1,-1.0
HAR,Toro Rosso,0 days 00:01:26.657913043,253.0,2.0,3.0,19.014492753623188,Toro Rosso,14.0,14.0,+2 Laps,0.0,20.1231884057971,34.47028985507246,50.70942028985507,0.0,1.5594202898550724,2018,Mexican Grand Prix,1,0,0.0
HUL,Renault,0 days 00:01:25.924318840,252.0,1.0,2.0,25.608695652173914,Renault,7.0,6.0,+2 Laps,8.0,20.1231884057971,34.47028985507246,50.70942028985507,0.0,1.5594202898550724,2018,Mexican Grand Prix,1,1,1.0
LEC,Sauber,0 days 00:01:26.091913043,256.0,1.0,2.0,25.014492753623188,Sauber,9.0,7.0,+2 Laps,6.0,20.1231884057971,34.47028985507246,50.70942028985507,0.0,1.5594202898550724,2018,Mexican Grand Prix,1,1,2.0
MAG,Haas F1 Team,0 days 00:01:26.836565217,253.0,1.0,2.0,18.797101449275363,Haas F1 Team,16.0,15.0,+2 Laps,0.0,20.1231884057971,34.47028985507246,50.70942028985507,0.0,1.5594202898550724,2018,Mexican Grand Prix,1,0,1.0
OCO,Racing Point,0 days 00:01:26.632202898,252.0,2.0,3.0,21.420289855072465,Racing Point,11.0,11.0,+2 Laps,0.0,20.1231884057971,34.47028985507246,50.70942028985507,0.0,1.5594202898550724,2018,Mexican Grand Prix,1,0,0.0
PER,Racing Point,0 days 00:01:27.607184210,249.0,2.0,2.0,13.81578947368421,Racing Point,13.0,18.0,Brakes,0.0,20.1231884057971,34.47028985507246,50.70942028985507,0.0,1.5594202898550724,2018,Mexican Grand Prix,1,0,-5.0
RAI,Ferrari,0 days 00:01:23.926267605,258.0,1.0,2.0,24.028169014084508,Ferrari,6.0,3.0,Finished,15.0,20.1231884057971,34.47028985507246,50.70942028985507,0.0,1.5594202898550724,2018,Mexican Grand Prix,0,1,3.0
RIC,Red Bull Racing,0 days 00:01:23.160475409,256.0,1.0,2.0,21.950819672131146,Red Bull Racing,1.0,17.0,Engine,0.0,20.1231884057971,34.47028985507246,50.70942028985507,0.0,1.5594202898550724,2018,Mexican Grand Prix,1,0,-16.0
SAI,Renault,0 days 00:01:25.687107142,252.0,1.0,2.0,9.0,Renault,8.0,19.0,Suspension,0.0,20.1231884057971,34.47028985507246,50.70942028985507,0.0,1.5594202898550724,2018,Mexican Grand Prix,1,0,-11.0
SIR,Williams,0 days 00:01:26.690463768,253.0,1.0,2.0,25.753623188405797,Williams,19.0,13.0,+2 Laps,0.0,20.1231884057971,34.47028985507246,50.70942028985507,0.0,1.5594202898550724,2018,Mexican Grand Prix,1,0,6.0
STR,Williams,0 days 00:01:26.678565217,253.0,2.0,3.0,17.782608695652176,Williams,17.0,12.0,+2 Laps,0.0,20.1231884057971,34.47028985507246,50.70942028985507,0.0,1.5594202898550724,2018,Mexican Grand Prix,1,0,5.0
VAN,McLaren,0 days 00:01:26.393695652,253.0,1.0,2.0,25.08695652173913,McLaren,15.0,8.0,+2 Laps,4.0,20.1231884057971,34.47028985507246,50.70942028985507,0.0,1.5594202898550724,2018,Mexican Grand Prix,1,1,7.0
VER,Red Bull Racing,0 days 00:01:23.223253521,254.0,2.0,3.0,14.591549295774648,Red Bull Racing,2.0,1.0,Finished,25.0,20.1231884057971,34.47028985507246,50.70942028985507,0.0,1.5594202898550724,2018,Mexican Grand Prix,0,1,1.0
VET,Ferrari,0 days 00:01:23.467140845,260.0,2.0,3.0,13.647887323943662,Ferrari,4.0,2.0,Finished,18.0,20.1231884057971,34.47028985507246,50.70942028985507,0.0,1.5594202898550724,2018,Mexican Grand Prix,0,1,2.0
ALO,McLaren,0 days 00:01:15.977695652,332.0,2.0,3.0,14.782608695652174,McLaren,17.0,17.0,+2 Laps,0.0,23.7696,40.0688,75.4128,0.0,2.1872000000000003,2018,Brazilian Grand Prix,1,0,0.0
BOT,Mercedes,0 days 00:01:13.971957746,336.0,2.0,3.0,16.3943661971831,Mercedes,3.0,5.0,Finished,10.0,23.7696,40.0688,75.4128,0.0,2.1872000000000003,2018,Brazilian Grand Prix,0,1,-2.0
ERI,Sauber,0 days 00:01:19.128350,329.0,2.0,2.0,13.2,Sauber,6.0,20.0,Collision,0.0,23.7696,40.0688,75.4128,0.0,2.1872000000000003,2018,Brazilian Grand Prix,1,0,-14.0
GAS,Toro Rosso,0 days 00:01:15.611400,318.0,1.0,2.0,21.67142857142857,Toro Rosso,9.0,13.0,+1 Lap,0.0,23.7696,40.0688,75.4128,0.0,2.1872000000000003,2018,Brazilian Grand Prix,1,0,-4.0
GRO,Haas F1 Team,0 days 00:01:14.370366197,332.0,1.0,2.0,19.774647887323944,Haas F1 Team,8.0,8.0,Finished,4.0,23.7696,40.0688,75.4128,0.0,2.1872000000000003,2018,Brazilian Grand Prix,0,1,0.0
HAM,Mercedes,0 days 00:01:13.648816901,337.0,1.0,2.0,22.887323943661972,Mercedes,1.0,1.0,Finished,25.0,23.7696,40.0688,75.4128,0.0,2.1872000000000003,2018,Brazilian Grand Prix,0,1,0.0
HAR,Toro Rosso,0 days 00:01:15.549914285,331.0,1.0,2.0,20.8,Toro Rosso,16.0,11.0,+1 Lap,0.0,23.7696,40.0688,75.4128,0.0,2.1872000000000003,2018,Brazilian Grand Prix,1,0,5.0
HUL,Renault,0 days 00:01:16.023064516,328.0,1.0,1.0,16.967741935483872,Renault,13.0,19.0,Overheating,0.0,23.7696,40.0688,75.4128,0.0,2.1872000000000003,2018,Brazilian Grand Prix,1,0,-6.0
LEC,Sauber,0 days 00:01:14.271338028,332.0,1.0,2.0,20.718309859154928,Sauber,7.0,7.0,Finished,6.0,23.7696,40.0688,75.4128,0.0,2.1872000000000003,2018,Brazilian Grand Prix,0,1,0.0
MAG,Haas F1 Team,0 days 00:01:14.393281690,333.0,1.0,2.0,18.676056338028168,Haas F1 Team,10.0,9.0,Finished,2.0,23.7696,40.0688,75.4128,0.0,2.1872000000000003,2018,Brazilian Grand Prix,0,1,1.0
OCO,Racing Point,0 days 00:01:15.652157142,345.0,2.0,3.0,18.357142857142858,Racing Point,18.0,15.0,+1 Lap,0.0,23.7696,40.0688,75.4128,0.0,2.1872000000000003,2018,Brazilian Grand Prix,1,0,3.0
PER,Racing Point,0 days 00:01:14.826942857,332.0,1.0,2.0,18.228571428571428,Racing Point,12.0,10.0,+1 Lap,1.0,23.7696,40.0688,75.4128,0.0,2.1872000000000003,2018,Brazilian Grand Prix,1,1,2.0
RAI,Ferrari,0 days 00:01:13.715915492,336.0,1.0,2.0,19.845070422535212,Ferrari,4.0,3.0,Finished,15.0,23.7696,40.0688,75.4128,0.0,2.1872000000000003,2018,Brazilian Grand Prix,0,1,1.0
RIC,Red Bull Racing,0 days 00:01:13.721957746,336.0,1.0,2.0,20.070422535211268,Red Bull Racing,11.0,4.0,Finished,12.0,23.7696,40.0688,75.4128,0.0,2.1872000000000003,2018,Brazilian Grand Prix,0,1,7.0
SAI,Renault,0 days 00:01:15.562214285,335.0,2.0,3.0,12.2,Renault,15.0,12.0,+1 Lap,0.0,23.7696,40.0688,75.4128,0.0,2.1872000000000003,2018,Brazilian Grand Prix,1,0,3.0
SIR,Williams,0 days 00:01:16.028695652,335.0,1.0,2.0,22.71014492753623,Williams,14.0,16.0,+2 Laps,0.0,23.7696,40.0688,75.4128,0.0,2.1872000000000003,2018,Brazilian Grand Prix,1,0,-2.0
STR,Williams,0 days 00:01:16.292405797,335.0,2.0,3.0,19.405797101449274,Williams,19.0,18.0,+2 Laps,0.0,23.7696,40.0688,75.4128,0.0,2.1872000000000003,2018,Brazilian Grand Prix,1,0,1.0
VAN,McLaren,0 days 00:01:15.633314285,336.0,1.0,2.0,18.7,McLaren,20.0,14.0,+1 Lap,0.0,23.7696,40.0688,75.4128,0.0,2.1872000000000003,2018,Brazilian Grand Prix,1,0,6.0
VER,Red Bull Racing,0 days 00:01:13.669507042,334.0,1.0,2.0,19.732394366197184,Red Bull Racing,5.0,2.0,Finished,18.0,23.7696,40.0688,75.4128,0.0,2.1872000000000003,2018,Brazilian Grand Prix,0,1,3.0
VET,Ferrari,0 days 00:01:14.029056338,332.0,2.0,3.0,14.577464788732394,Ferrari,2.0,6.0,Finished,8.0,23.7696,40.0688,75.4128,0.0,2.1872000000000003,2018,Brazilian Grand Prix,0,1,-4.0
ALO,McLaren,0 days 00:01:48.582352941,219.0,1.0,2.0,14.647058823529411,McLaren,15.0,11.0,+1 Lap,0.0,31.273722627737225,33.31824817518248,45.43795620437956,0.043795620437956206,2.1635036496350364,2018,Abu Dhabi Grand Prix,1,0,4.0
BOT,Mercedes,0 days 00:01:46.669730769,224.0,2.0,3.0,11.26923076923077,Mercedes,2.0,5.0,Finished,10.0,31.273722627737225,33.31824817518248,45.43795620437956,0.043795620437956206,2.1635036496350364,2018,Abu Dhabi Grand Prix,0,1,-3.0
ERI,Sauber,0 days 00:01:52.067380952,218.0,0.0,1.0,13.857142857142858,Sauber,12.0,18.0,Power loss,0.0,31.273722627737225,33.31824817518248,45.43795620437956,0.043795620437956206,2.1635036496350364,2018,Abu Dhabi Grand Prix,1,0,-6.0
GAS,Toro Rosso,0 days 00:01:49.237511627,217.0,1.0,2.0,13.465116279069768,Toro Rosso,17.0,16.0,Engine,0.0,31.273722627737225,33.31824817518248,45.43795620437956,0.043795620437956206,2.1635036496350364,2018,Abu Dhabi Grand Prix,1,0,1.0
GRO,Haas F1 Team,0 days 00:01:48.354745098,219.0,1.0,2.0,22.725490196078432,Haas F1 Team,7.0,9.0,+1 Lap,2.0,31.273722627737225,33.31824817518248,45.43795620437956,0.043795620437956206,2.1635036496350364,2018,Abu Dhabi Grand Prix,1,1,-2.0
HAM,Mercedes,0 days 00:01:45.611461538,224.0,1.0,2.0,23.21153846153846,Mercedes,1.0,1.0,Finished,25.0,31.273722627737225,33.31824817518248,45.43795620437956,0.043795620437956206,2.1635036496350364,2018,Abu Dhabi Grand Prix,0,1,0.0
HAR,Toro Rosso,0 days 00:01:49.053019607,221.0,1.0,2.0,26.980392156862745,Toro Rosso,16.0,12.0,+1 Lap,0.0,31.273722627737225,33.31824817518248,45.43795620437956,0.043795620437956206,2.1635036496350364,2018,Abu Dhabi Grand Prix,1,0,4.0
HUL,,,,,,,Renault,10.0,20.0,Collision,0.0,31.273722627737225,33.31824817518248,45.43795620437956,0.043795620437956206,2.1635036496350364,2018,Abu Dhabi Grand Prix,1,0,-10.0
LEC,Sauber,0 days 00:01:47.536500,223.0,1.0,2.0,23.21153846153846,Sauber,8.0,7.0,Finished,6.0,31.273722627737225,33.31824817518248,45.43795620437956,0.043795620437956206,2.1635036496350364,2018,Abu Dhabi Grand Prix,0,1,1.0
MAG,Haas F1 Team,0 days 00:01:48.570568627,218.0,1.0,2.0,18.49019607843137,Haas F1 Team,13.0,10.0,+1 Lap,1.0,31.273722627737225,33.31824817518248,45.43795620437956,0.043795620437956206,2.1635036496350364,2018,Abu Dhabi Grand Prix,1,1,3.0
OCO,Racing Point,0 days 00:01:48.973341463,218.0,1.0,2.0,13.609756097560975,Racing Point,9.0,17.0,Engine,0.0,31.273722627737225,33.31824817518248,45.43795620437956,0.043795620437956206,2.1635036496350364,2018,Abu Dhabi Grand Prix,1,0,-8.0
PER,Racing Point,0 days 00:01:47.622519230,221.0,1.0,2.0,14.942307692307692,Racing Point,14.0,8.0,Finished,4.0,31.273722627737225,33.31824817518248,45.43795620437956,0.043795620437956206,2.1635036496350364,2018,Abu Dhabi Grand Prix,0,1,6.0
RAI,Ferrari,0 days 00:02:01.767666666,213.0,0.0,1.0,8.0,Ferrari,4.0,19.0,Power loss,0.0,31.273722627737225,33.31824817518248,45.43795620437956,0.043795620437956206,2.1635036496350364,2018,Abu Dhabi Grand Prix,1,0,-15.0
RIC,Red Bull Racing,0 days 00:01:46.103230769,221.0,1.0,2.0,17.78846153846154,Red Bull Racing,5.0,4.0,Finished,12.0,31.273722627737225,33.31824817518248,45.43795620437956,0.043795620437956206,2.1635036496350364,2018,Abu Dhabi Grand Prix,0,1,1.0
SAI,Renault,0 days 00:01:47.276615384,223.0,1.0,2.0,16.634615384615383,Renault,11.0,6.0,Finished,8.0,31.273722627737225,33.31824817518248,45.43795620437956,0.043795620437956206,2.1635036496350364,2018,Abu Dhabi Grand Prix,0,1,5.0
SIR,Williams,0 days 00:01:49.430196078,220.0,1.0,2.0,15.901960784313726,Williams,19.0,15.0,+1 Lap,0.0,31.273722627737225,33.31824817518248,45.43795620437956,0.043795620437956206,2.1635036496350364,2018,Abu Dhabi Grand Prix,1,0,4.0
STR,Williams,0 days 00:01:49.048568627,221.0,1.0,2.0,17.96078431372549,Williams,20.0,13.0,+1 Lap,0.0,31.273722627737225,33.31824817518248,45.43795620437956,0.043795620437956206,2.1635036496350364,2018,Abu Dhabi Grand Prix,1,0,7.0
VAN,McLaren,0 days 00:01:49.109823529,218.0,1.0,2.0,15.901960784313726,McLaren,18.0,14.0,+1 Lap,0.0,31.273722627737225,33.31824817518248,45.43795620437956,0.043795620437956206,2.1635036496350364,2018,Abu Dhabi Grand Prix,1,0,4.0
VER,Red Bull Racing,0 days 00:01:46.101442307,220.0,1.0,2.0,17.826923076923077,Red Bull Racing,6.0,3.0,Finished,15.0,31.273722627737225,33.31824817518248,45.43795620437956,0.043795620437956206,2.1635036496350364,2018,Abu Dhabi Grand Prix,0,1,3.0
VET,Ferrari,0 days 00:01:45.799134615,222.0,1.0,2.0,18.596153846153847,Ferrari,3.0,2.0,Finished,18.0,31.273722627737225,33.31824817518248,45.43795620437956,0.043795620437956206,2.1635036496350364,2018,Abu Dhabi Grand Prix,0,1,1.0
ALB,Toro Rosso,0 days 00:01:30.815736842,304.0,1.0,2.0,18.43859649122807,Toro Rosso,13.0,14.0,+1 Lap,0.0,23.477868852459014,41.31311475409837,70.4532786885246,0.0,1.166393442622951,2019,Australian Grand Prix,1,0,-1.0
BOT,Mercedes,0 days 00:01:28.402155172,301.0,1.0,2.0,16.810344827586206,Mercedes,2.0,1.0,Finished,26.0,23.477868852459014,41.31311475409837,70.4532786885246,0.0,1.166393442622951,2019,Australian Grand Prix,0,1,1.0
GAS,Red Bull Racing,0 days 00:01:30.096403508,310.0,1.0,2.0,16.017543859649123,Red Bull Racing,17.0,11.0,+1 Lap,0.0,23.477868852459014,41.31311475409837,70.4532786885246,0.0,1.166393442622951,2019,Australian Grand Prix,1,0,6.0
GIO,Alfa Romeo Racing,0 days 00:01:31.190561403,285.0,1.0,2.0,14.789473684210526,Alfa Romeo Racing,14.0,15.0,+1 Lap,0.0,23.477868852459014,41.31311475409837,70.4532786885246,0.0,1.166393442622951,2019,Australian Grand Prix,1,0,-1.0
GRO,Haas F1 Team,0 days 00:01:31.720758620,299.0,1.0,2.0,9.310344827586206,Haas F1 Team,6.0,18.0,Wheel,0.0,23.477868852459014,41.31311475409837,70.4532786885246,0.0,1.166393442622951,2019,Australian Grand Prix,1,0,-12.0
HAM,Mercedes,0 days 00:01:28.762258620,296.0,1.0,2.0,19.155172413793103,Mercedes,1.0,2.0,Finished,18.0,23.477868852459014,41.31311475409837,70.4532786885246,0.0,1.166393442622951,2019,Australian Grand Prix,0,1,-1.0
HUL,Renault,0 days 00:01:30.044280701,303.0,1.0,2.0,18.964912280701753,Renault,11.0,7.0,+1 Lap,6.0,23.477868852459014,41.31311475409837,70.4532786885246,0.0,1.166393442622951,2019,Australian Grand Prix,1,1,4.0
KUB,Williams,0 days 00:01:34.167472727,298.0,3.0,4.0,10.963636363636363,Williams,20.0,17.0,+3 Laps,0.0,23.477868852459014,41.31311475409837,70.4532786885246,0.0,1.166393442622951,2019,Australian Grand Prix,1,0,3.0
KVY,Toro Rosso,0 days 00:01:30.090526315,307.0,1.0,2.0,15.403508771929825,Toro Rosso,15.0,10.0,+1 Lap,1.0,23.477868852459014,41.31311475409837,70.4532786885246,0.0,1.166393442622951,2019,Australian Grand Prix,1,1,5.0
LEC,Ferrari,0 days 00:01:29.406120689,301.0,1.0,2.0,16.46551724137931,Ferrari,5.0,5.0,Finished,10.0,23.477868852459014,41.31311475409837,70.4532786885246,0.0,1.166393442622951,2019,Australian Grand Prix,0,1,0.0
MAG,Haas F1 Team,0 days 00:01:29.904844827,293.0,1.0,2.0,19.603448275862068,Haas F1 Team,7.0,6.0,Finished,8.0,23.477868852459014,41.31311475409837,70.4532786885246,0.0,1.166393442622951,2019,Australian Grand Prix,0,1,1.0
NOR,McLaren,0 days 00:01:30.794017543,303.0,1.0,2.0,18.736842105263158,McLaren,8.0,12.0,+1 Lap,0.0,23.477868852459014,41.31311475409837,70.4532786885246,0.0,1.166393442622951,2019,Australian Grand Prix,1,0,-4.0
PER,Racing Point,0 days 00:01:30.803315789,306.0,1.0,2.0,19.649122807017545,Racing Point,10.0,13.0,+1 Lap,0.0,23.477868852459014,41.31311475409837,70.4532786885246,0.0,1.166393442622951,2019,Australian Grand Prix,1,0,-3.0
RAI,Alfa Romeo Racing,0 days 00:01:30.065070175,300.0,1.0,2.0,20.157894736842106,Alfa Romeo Racing,9.0,8.0,+1 Lap,4.0,23.477868852459014,41.31311475409837,70.4532786885246,0.0,1.166393442622951,2019,Australian Grand Prix,1,1,1.0
RIC,Renault,0 days 00:01:32.832928571,296.0,1.0,2.0,13.535714285714286,Renault,12.0,19.0,Damage,0.0,23.477868852459014,41.31311475409837,70.4532786885246,0.0,1.166393442622951,2019,Australian Grand Prix,1,0,-7.0
RUS,Williams,0 days 00:01:32.446517857,306.0,2.0,3.0,10.571428571428571,Williams,19.0,16.0,+2 Laps,0.0,23.477868852459014,41.31311475409837,70.4532786885246,0.0,1.166393442622951,2019,Australian Grand Prix,1,0,3.0
SAI,McLaren,0 days 00:01:32.770333333,303.0,0.0,1.0,5.0,McLaren,18.0,20.0,Engine,0.0,23.477868852459014,41.31311475409837,70.4532786885246,0.0,1.166393442622951,2019,Australian Grand Prix,1,0,-2.0
STR,Racing Point,0 days 00:01:30.078263157,301.0,1.0,2.0,14.789473684210526,Racing Point,16.0,9.0,+1 Lap,2.0,23.477868852459014,41.31311475409837,70.4532786885246,0.0,1.166393442622951,2019,Australian Grand Prix,1,1,7.0
VER,Red Bull Racing,0 days 00:01:28.790431034,304.0,1.0,2.0,16.56896551724138,Red Bull Racing,4.0,3.0,Finished,15.0,23.477868852459014,41.31311475409837,70.4532786885246,0.0,1.166393442622951,2019,Australian Grand Prix,0,1,1.0
VET,Ferrari,0 days 00:01:29.386793103,291.0,1.0,2.0,19.603448275862068,Ferrari,3.0,4.0,Finished,12.0,23.477868852459014,41.31311475409837,70.4532786885246,0.0,1.166393442622951,2019,Australian Grand Prix,0,1,-1.0
ALB,Toro Rosso,0 days 00:01:40.420912280,292.0,2.0,3.0,12.912280701754385,Toro Rosso,12.0,9.0,Finished,2.0,26.210852713178294,28.610852713178296,53.372093023255815,0.0,2.7108527131782947,2019,Bahrain Grand Prix,0,1,3.0
BOT,Mercedes,0 days 00:01:39.373245614,294.0,2.0,3.0,11.947368421052632,Mercedes,4.0,2.0,Finished,18.0,26.210852713178294,28.610852713178296,53.372093023255815,0.0,2.7108527131782947,2019,Bahrain Grand Prix,0,1,2.0
GAS,Red Bull Racing,0 days 00:01:40.340157894,296.0,2.0,3.0,12.421052631578947,Red Bull Racing,13.0,8.0,Finished,4.0,26.210852713178294,28.610852713178296,53.372093023255815,0.0,2.7108527131782947,2019,Bahrain Grand Prix,0,1,5.0
GIO,Alfa Romeo Racing,0 days 00:01:40.454280701,290.0,2.0,3.0,10.473684210526315,Alfa Romeo Racing,16.0,11.0,Finished,0.0,26.210852713178294,28.610852713178296,53.372093023255815,0.0,2.7108527131782947,2019,Bahrain Grand Prix,0,0,5.0
GRO,Haas F1 Team,0 days 00:01:43.047625,275.0,2.0,2.0,7.75,Haas F1 Team,11.0,20.0,Retired,0.0,26.210852713178294,28.610852713178296,53.372093023255815,0.0,2.7108527131782947,2019,Bahrain Grand Prix,1,0,-9.0
HAM,Mercedes,0 days 00:01:38.376446428,295.0,2.0,3.0,10.964285714285714,Mercedes,3.0,1.0,Finished,25.0,26.210852713178294,28.610852713178296,53.372093023255815,0.0,2.7108527131782947,2019,Bahrain Grand Prix,0,1,2.0
HUL,Renault,0 days 00:01:38.564264150,295.0,2.0,3.0,9.79245283018868,Renault,17.0,17.0,Engine,0.0,26.210852713178294,28.610852713178296,53.372093023255815,0.0,2.7108527131782947,2019,Bahrain Grand Prix,1,0,0.0
KUB,Williams,0 days 00:01:42.946600,291.0,2.0,3.0,11.563636363636364,Williams,20.0,16.0,+2 Laps,0.0,26.210852713178294,28.610852713178296,53.372093023255815,0.0,2.7108527131782947,2019,Bahrain Grand Prix,1,0,4.0
KVY,Toro Rosso,0 days 00:01:41.123232142,293.0,2.0,3.0,10.714285714285714,Toro Rosso,15.0,12.0,+1 Lap,0.0,26.210852713178294,28.610852713178296,53.372093023255815,0.0,2.7108527131782947,2019,Bahrain Grand Prix,1,0,3.0
LEC,Ferrari,0 days 00:01:39.428526315,291.0,2.0,3.0,11.175438596491228,Ferrari,1.0,3.0,Finished,16.0,26.210852713178294,28.610852713178296,53.372093023255815,0.0,2.7108527131782947,2019,Bahrain Grand Prix,0,1,-2.0
MAG,Haas F1 Team,0 days 00:01:41.140035714,287.0,2.0,3.0,12.785714285714286,Haas F1 Team,6.0,13.0,+1 Lap,0.0,26.210852713178294,28.610852713178296,53.372093023255815,0.0,2.7108527131782947,2019,Bahrain Grand Prix,1,0,-7.0
NOR,McLaren,0 days 00:01:40.123666666,296.0,2.0,3.0,17.649122807017545,McLaren,9.0,6.0,Finished,8.0,26.210852713178294,28.610852713178296,53.372093023255815,0.0,2.7108527131782947,2019,Bahrain Grand Prix,0,1,3.0
PER,Racing Point,0 days 00:01:40.438438596,294.0,2.0,3.0,11.596491228070175,Racing Point,14.0,10.0,Finished,1.0,26.210852713178294,28.610852713178296,53.372093023255815,0.0,2.7108527131782947,2019,Bahrain Grand Prix,0,1,4.0
RAI,Alfa Romeo Racing,0 days 00:01:40.153771929,293.0,2.0,3.0,13.052631578947368,Alfa Romeo Racing,8.0,7.0,Finished,6.0,26.210852713178294,28.610852713178296,53.372093023255815,0.0,2.7108527131782947,2019,Bahrain Grand Prix,0,1,1.0
RIC,Renault,0 days 00:01:38.801547169,293.0,1.0,2.0,13.867924528301886,Renault,10.0,18.0,Out of fuel,0.0,26.210852713178294,28.610852713178296,53.372093023255815,0.0,2.7108527131782947,2019,Bahrain Grand Prix,1,0,-8.0
RUS,Williams,0 days 00:01:42.160982142,289.0,2.0,3.0,11.571428571428571,Williams,19.0,15.0,+1 Lap,0.0,26.210852713178294,28.610852713178296,53.372093023255815,0.0,2.7108527131782947,2019,Bahrain Grand Prix,1,0,4.0
SAI,McLaren,0 days 00:01:40.304528301,298.0,4.0,4.0,9.69811320754717,McLaren,7.0,19.0,Collision damage,0.0,26.210852713178294,28.610852713178296,53.372093023255815,0.0,2.7108527131782947,2019,Bahrain Grand Prix,1,0,-12.0
STR,Racing Point,0 days 00:01:41.455428571,293.0,2.0,3.0,14.553571428571429,Racing Point,18.0,14.0,+1 Lap,0.0,26.210852713178294,28.610852713178296,53.372093023255815,0.0,2.7108527131782947,2019,Bahrain Grand Prix,1,0,4.0
VER,Red Bull Racing,0 days 00:01:39.433385964,287.0,2.0,3.0,11.491228070175438,Red Bull Racing,5.0,4.0,Finished,12.0,26.210852713178294,28.610852713178296,53.372093023255815,0.0,2.7108527131782947,2019,Bahrain Grand Prix,0,1,1.0
VET,Ferrari,0 days 00:01:39.953736842,295.0,3.0,4.0,11.070175438596491,Ferrari,2.0,5.0,Finished,10.0,26.210852713178294,28.610852713178296,53.372093023255815,0.0,2.7108527131782947,2019,Bahrain Grand Prix,0,1,-3.0
ALB,Toro Rosso,0 days 00:01:41.102818181,263.0,1.0,2.0,15.563636363636364,Toro Rosso,0.0,10.0,+1 Lap,1.0,19.32992125984252,27.33700787401575,45.98110236220473,0.0,3.3157480314960632,2019,Chinese Grand Prix,1,1,-10.0
BOT,Mercedes,0 days 00:01:38.801821428,267.0,2.0,3.0,11.142857142857142,Mercedes,1.0,2.0,Finished,18.0,19.32992125984252,27.33700787401575,45.98110236220473,0.0,3.3157480314960632,2019,Chinese Grand Prix,0,1,-1.0
GAS,Red Bull Racing,0 days 00:01:40.279589285,261.0,3.0,4.0,10.25,Red Bull Racing,6.0,6.0,Finished,9.0,19.32992125984252,27.33700787401575,45.98110236220473,0.0,3.3157480314960632,2019,Chinese Grand Prix,0,1,0.0
GIO,Alfa Romeo Racing,0 days 00:01:41.493272727,263.0,2.0,3.0,11.436363636363636,Alfa Romeo Racing,19.0,15.0,+1 Lap,0.0,19.32992125984252,27.33700787401575,45.98110236220473,0.0,3.3157480314960632,2019,Chinese Grand Prix,1,0,4.0
GRO,Haas F1 Team,0 days 00:01:41.121363636,264.0,2.0,3.0,11.781818181818181,Haas F1 Team,10.0,11.0,+1 Lap,0.0,19.32992125984252,27.33700787401575,45.98110236220473,0.0,3.3157480314960632,2019,Chinese Grand Prix,1,0,-1.0
HAM,Mercedes,0 days 00:01:38.684821428,263.0,2.0,3.0,12.392857142857142,Mercedes,2.0,1.0,Finished,25.0,19.32992125984252,27.33700787401575,45.98110236220473,0.0,3.3157480314960632,2019,Chinese Grand Prix,0,1,1.0
HUL,Renault,0 days 00:01:44.370750,262.0,2.0,2.0,7.125,Renault,8.0,20.0,Power Unit,0.0,19.32992125984252,27.33700787401575,45.98110236220473,0.0,3.3157480314960632,2019,Chinese Grand Prix,1,0,-12.0
KUB,Williams,0 days 00:01:43.091092592,261.0,1.0,2.0,14.018518518518519,Williams,18.0,17.0,+2 Laps,0.0,19.32992125984252,27.33700787401575,45.98110236220473,0.0,3.3157480314960632,2019,Chinese Grand Prix,1,0,1.0
KVY,Toro Rosso,0 days 00:01:43.006707317,263.0,4.0,4.0,9.902439024390244,Toro Rosso,11.0,19.0,Collision,0.0,19.32992125984252,27.33700787401575,45.98110236220473,0.0,3.3157480314960632,2019,Chinese Grand Prix,1,0,-8.0
LEC,Ferrari,0 days 00:01:39.243321428,269.0,2.0,3.0,11.321428571428571,Ferrari,4.0,5.0,Finished,10.0,19.32992125984252,27.33700787401575,45.98110236220473,0.0,3.3157480314960632,2019,Chinese Grand Prix,0,1,-1.0
MAG,Haas F1 Team,0 days 00:01:41.257727272,262.0,2.0,3.0,11.363636363636363,Haas F1 Team,9.0,13.0,+1 Lap,0.0,19.32992125984252,27.33700787401575,45.98110236220473,0.0,3.3157480314960632,2019,Chinese Grand Prix,1,0,-4.0
NOR,McLaren,0 days 00:01:43.018600,266.0,4.0,4.0,8.86,McLaren,15.0,18.0,Collision,0.0,19.32992125984252,27.33700787401575,45.98110236220473,0.0,3.3157480314960632,2019,Chinese Grand Prix,1,0,-3.0
PER,Racing Point,0 days 00:01:40.752418181,260.0,1.0,2.0,15.272727272727273,Racing Point,12.0,8.0,+1 Lap,4.0,19.32992125984252,27.33700787401575,45.98110236220473,0.0,3.3157480314960632,2019,Chinese Grand Prix,1,1,4.0
RAI,Alfa Romeo Racing,0 days 00:01:40.873890909,264.0,1.0,2.0,14.363636363636363,Alfa Romeo Racing,13.0,9.0,+1 Lap,2.0,19.32992125984252,27.33700787401575,45.98110236220473,0.0,3.3157480314960632,2019,Chinese Grand Prix,1,1,4.0
RIC,Renault,0 days 00:01:40.716272727,262.0,1.0,2.0,16.87272727272727,Renault,7.0,7.0,+1 Lap,6.0,19.32992125984252,27.33700787401575,45.98110236220473,0.0,3.3157480314960632,2019,Chinese Grand Prix,1,1,0.0
RUS,Williams,0 days 00:01:42.793611111,262.0,2.0,3.0,11.962962962962964,Williams,17.0,16.0,+2 Laps,0.0,19.32992125984252,27.33700787401575,45.98110236220473,0.0,3.3157480314960632,2019,Chinese Grand Prix,1,0,1.0
SAI,McLaren,0 days 00:01:41.438163636,267.0,2.0,3.0,14.927272727272728,McLaren,14.0,14.0,+1 Lap,0.0,19.32992125984252,27.33700787401575,45.98110236220473,0.0,3.3157480314960632,2019,Chinese Grand Prix,1,0,0.0
STR,Racing Point,0 days 00:01:41.241727272,266.0,2.0,3.0,10.472727272727273,Racing Point,16.0,12.0,+1 Lap,0.0,19.32992125984252,27.33700787401575,45.98110236220473,0.0,3.3157480314960632,2019,Chinese Grand Prix,1,0,4.0
VER,Red Bull Racing,0 days 00:01:39.178160714,264.0,2.0,3.0,10.892857142857142,Red Bull Racing,5.0,4.0,Finished,12.0,19.32992125984252,27.33700787401575,45.98110236220473,0.0,3.3157480314960632,2019,Chinese Grand Prix,0,1,1.0
VET,Ferrari,0 days 00:01:38.930250,265.0,2.0,3.0,10.875,Ferrari,3.0,3.0,Finished,15.0,19.32992125984252,27.33700787401575,45.98110236220473,0.0,3.3157480314960632,2019,Chinese Grand Prix,0,1,0.0
ALB,Toro Rosso,0 days 00:01:50.617980,354.0,1.0,2.0,16.38,Toro Rosso,11.0,11.0,+1 Lap,0.0,19.76356589147287,39.65426356589147,51.40852713178294,0.0,1.2496124031007751,2019,Azerbaijan Grand Prix,1,0,0.0
BOT,Mercedes,0 days 00:01:48.096901960,341.0,1.0,2.0,17.529411764705884,Mercedes,1.0,1.0,Finished,25.0,19.76356589147287,39.65426356589147,51.40852713178294,0.0,1.2496124031007751,2019,Azerbaijan Grand Prix,0,1,0.0
GAS,Red Bull Racing,0 days 00:01:48.450736842,340.0,0.0,1.0,19.5,Red Bull Racing,0.0,17.0,Transmission,0.0,19.76356589147287,39.65426356589147,51.40852713178294,0.0,1.2496124031007751,2019,Azerbaijan Grand Prix,1,0,-17.0
GIO,Alfa Romeo Racing,0 days 00:01:50.667840,346.0,1.0,2.0,19.9,Alfa Romeo Racing,17.0,12.0,+1 Lap,0.0,19.76356589147287,39.65426356589147,51.40852713178294,0.0,1.2496124031007751,2019,Azerbaijan Grand Prix,1,0,5.0
GRO,Haas F1 Team,0 days 00:01:52.330289473,343.0,2.0,2.0,16.44736842105263,Haas F1 Team,14.0,18.0,Brakes,0.0,19.76356589147287,39.65426356589147,51.40852713178294,0.0,1.2496124031007751,2019,Azerbaijan Grand Prix,1,0,-4.0
HAM,Mercedes,0 days 00:01:48.126784313,342.0,1.0,2.0,17.333333333333332,Mercedes,2.0,2.0,Finished,18.0,19.76356589147287,39.65426356589147,51.40852713178294,0.0,1.2496124031007751,2019,Azerbaijan Grand Prix,0,1,0.0
HUL,Renault,0 days 00:01:51.722500,336.0,2.0,3.0,10.46,Renault,15.0,14.0,+1 Lap,0.0,19.76356589147287,39.65426356589147,51.40852713178294,0.0,1.2496124031007751,2019,Azerbaijan Grand Prix,1,0,1.0
KUB,Williams,0 days 00:01:53.452530612,345.0,3.0,4.0,10.081632653061224,Williams,0.0,16.0,+2 Laps,0.0,19.76356589147287,39.65426356589147,51.40852713178294,0.0,1.2496124031007751,2019,Azerbaijan Grand Prix,1,0,-16.0
KVY,Toro Rosso,0 days 00:01:51.864696969,341.0,2.0,2.0,13.515151515151516,Toro Rosso,6.0,19.0,Collision,0.0,19.76356589147287,39.65426356589147,51.40852713178294,0.0,1.2496124031007751,2019,Azerbaijan Grand Prix,1,0,-13.0
LEC,Ferrari,0 days 00:01:49.451941176,340.0,2.0,3.0,13.647058823529411,Ferrari,8.0,5.0,Finished,11.0,19.76356589147287,39.65426356589147,51.40852713178294,0.0,1.2496124031007751,2019,Azerbaijan Grand Prix,0,1,3.0
MAG,Haas F1 Team,0 days 00:01:51.223220,338.0,2.0,3.0,12.86,Haas F1 Team,12.0,13.0,+1 Lap,0.0,19.76356589147287,39.65426356589147,51.40852713178294,0.0,1.2496124031007751,2019,Azerbaijan Grand Prix,1,0,-1.0
NOR,McLaren,0 days 00:01:49.244020,340.0,2.0,3.0,13.3,McLaren,7.0,8.0,Finished,4.0,19.76356589147287,39.65426356589147,51.40852713178294,0.0,1.2496124031007751,2019,Azerbaijan Grand Prix,0,1,-1.0
PER,Racing Point,0 days 00:01:49.595254901,336.0,1.0,2.0,18.54901960784314,Racing Point,5.0,6.0,Finished,8.0,19.76356589147287,39.65426356589147,51.40852713178294,0.0,1.2496124031007751,2019,Azerbaijan Grand Prix,0,1,-1.0
RAI,Alfa Romeo Racing,0 days 00:01:50.564000,352.0,1.0,2.0,20.58,Alfa Romeo Racing,0.0,10.0,+1 Lap,1.0,19.76356589147287,39.65426356589147,51.40852713178294,0.0,1.2496124031007751,2019,Azerbaijan Grand Prix,1,1,-10.0
RIC,Renault,0 days 00:01:50.398633333,344.0,1.0,2.0,8.833333333333334,Renault,10.0,20.0,Collision,0.0,19.76356589147287,39.65426356589147,51.40852713178294,0.0,1.2496124031007751,2019,Azerbaijan Grand Prix,1,0,-10.0
RUS,Williams,0 days 00:01:51.889500,336.0,2.0,3.0,10.020833333333334,Williams,16.0,15.0,+2 Laps,0.0,19.76356589147287,39.65426356589147,51.40852713178294,0.0,1.2496124031007751,2019,Azerbaijan Grand Prix,1,0,1.0
SAI,McLaren,0 days 00:01:49.740549019,345.0,1.0,2.0,16.823529411764707,McLaren,9.0,7.0,Finished,6.0,19.76356589147287,39.65426356589147,51.40852713178294,0.0,1.2496124031007751,2019,Azerbaijan Grand Prix,0,1,2.0
STR,Racing Point,0 days 00:01:50.132509803,343.0,1.0,2.0,17.96078431372549,Racing Point,13.0,9.0,Finished,2.0,19.76356589147287,39.65426356589147,51.40852713178294,0.0,1.2496124031007751,2019,Azerbaijan Grand Prix,0,1,4.0
VER,Red Bull Racing,0 days 00:01:48.439901960,342.0,1.0,2.0,16.941176470588236,Red Bull Racing,4.0,4.0,Finished,12.0,19.76356589147287,39.65426356589147,51.40852713178294,0.0,1.2496124031007751,2019,Azerbaijan Grand Prix,0,1,0.0
VET,Ferrari,0 days 00:01:48.327078431,335.0,1.0,2.0,18.45098039215686,Ferrari,3.0,3.0,Finished,15.0,19.76356589147287,39.65426356589147,51.40852713178294,0.0,1.2496124031007751,2019,Azerbaijan Grand Prix,0,1,0.0
ALB,Toro Rosso,0 days 00:01:26.452476923,289.0,2.0,3.0,11.76923076923077,Toro Rosso,11.0,11.0,Finished,0.0,20.147727272727273,40.72727272727273,54.724242424242426,0.0,1.9295454545454545,2019,Spanish Grand Prix,0,0,0.0
BOT,Mercedes,0 days 00:01:27.189651515,289.0,2.0,3.0,13.833333333333334,Mercedes,1.0,2.0,Finished,18.0,20.147727272727273,40.72727272727273,54.724242424242426,0.0,1.9295454545454545,2019,Spanish Grand Prix,0,1,-1.0
GAS,Red Bull Racing,0 days 00:01:27.424530303,285.0,2.0,3.0,13.469696969696969,Red Bull Racing,6.0,6.0,Finished,8.0,20.147727272727273,40.72727272727273,54.724242424242426,0.0,1.9295454545454545,2019,Spanish Grand Prix,0,1,0.0
GIO,Alfa Romeo Racing,0 days 00:01:27.850515151,291.0,2.0,3.0,14.787878787878787,Alfa Romeo Racing,18.0,16.0,Finished,0.0,20.147727272727273,40.72727272727273,54.724242424242426,0.0,1.9295454545454545,2019,Spanish Grand Prix,0,0,2.0
GRO,Haas F1 Team,0 days 00:01:27.652787878,285.0,2.0,3.0,13.772727272727273,Haas F1 Team,7.0,10.0,Finished,1.0,20.147727272727273,40.72727272727273,54.724242424242426,0.0,1.9295454545454545,2019,Spanish Grand Prix,0,1,-3.0
HAM,Mercedes,0 days 00:01:26.071384615,286.0,2.0,3.0,14.076923076923077,Mercedes,2.0,1.0,Finished,26.0,20.147727272727273,40.72727272727273,54.724242424242426,0.0,1.9295454545454545,2019,Spanish Grand Prix,0,1,1.0
HUL,Renault,0 days 00:01:27.722484848,284.0,1.0,2.0,17.060606060606062,Renault,0.0,13.0,Finished,0.0,20.147727272727273,40.72727272727273,54.724242424242426,0.0,1.9295454545454545,2019,Spanish Grand Prix,0,0,-13.0
KUB,Williams,0 days 00:01:29.500215384,277.0,2.0,3.0,12.584615384615384,Williams,17.0,18.0,+1 Lap,0.0,20.147727272727273,40.72727272727273,54.724242424242426,0.0,1.9295454545454545,2019,Spanish Grand Prix,1,0,-1.0
KVY,Toro Rosso,0 days 00:01:27.628772727,289.0,2.0,3.0,12.5,Toro Rosso,9.0,9.0,Finished,2.0,20.147727272727273,40.72727272727273,54.724242424242426,0.0,1.9295454545454545,2019,Spanish Grand Prix,0,1,0.0
LEC,Ferrari,0 days 00:01:27.330363636,291.0,2.0,3.0,12.742424242424242,Ferrari,5.0,5.0,Finished,10.0,20.147727272727273,40.72727272727273,54.724242424242426,0.0,1.9295454545454545,2019,Spanish Grand Prix,0,1,0.0
MAG,Haas F1 Team,0 days 00:01:27.554575757,283.0,2.0,3.0,13.515151515151516,Haas F1 Team,8.0,7.0,Finished,6.0,20.147727272727273,40.72727272727273,54.724242424242426,0.0,1.9295454545454545,2019,Spanish Grand Prix,0,1,1.0
NOR,McLaren,0 days 00:01:25.047613636,288.0,1.0,2.0,11.863636363636363,McLaren,10.0,20.0,Collision,0.0,20.147727272727273,40.72727272727273,54.724242424242426,0.0,1.9295454545454545,2019,Spanish Grand Prix,1,0,-10.0
PER,Racing Point,0 days 00:01:27.838181818,286.0,2.0,3.0,12.5,Racing Point,15.0,15.0,Finished,0.0,20.147727272727273,40.72727272727273,54.724242424242426,0.0,1.9295454545454545,2019,Spanish Grand Prix,0,0,0.0
RAI,Alfa Romeo Racing,0 days 00:01:27.761303030,290.0,2.0,3.0,11.969696969696969,Alfa Romeo Racing,14.0,14.0,Finished,0.0,20.147727272727273,40.72727272727273,54.724242424242426,0.0,1.9295454545454545,2019,Spanish Grand Prix,0,0,0.0
RIC,Renault,0 days 00:01:27.684863636,290.0,2.0,3.0,12.636363636363637,Renault,13.0,12.0,Finished,0.0,20.147727272727273,40.72727272727273,54.724242424242426,0.0,1.9295454545454545,2019,Spanish Grand Prix,0,0,1.0
RUS,Williams,0 days 00:01:29.388123076,281.0,2.0,3.0,12.876923076923077,Williams,19.0,17.0,+1 Lap,0.0,20.147727272727273,40.72727272727273,54.724242424242426,0.0,1.9295454545454545,2019,Spanish Grand Prix,1,0,2.0
SAI,McLaren,0 days 00:01:27.617954545,290.0,2.0,3.0,12.469696969696969,McLaren,12.0,8.0,Finished,4.0,20.147727272727273,40.72727272727273,54.724242424242426,0.0,1.9295454545454545,2019,Spanish Grand Prix,0,1,4.0
STR,Racing Point,0 days 00:01:25.034318181,284.0,1.0,2.0,11.5,Racing Point,16.0,19.0,Collision,0.0,20.147727272727273,40.72727272727273,54.724242424242426,0.0,1.9295454545454545,2019,Spanish Grand Prix,1,0,-3.0
VER,Red Bull Racing,0 days 00:01:27.244272727,292.0,2.0,3.0,12.454545454545455,Red Bull Racing,4.0,3.0,Finished,15.0,20.147727272727273,40.72727272727273,54.724242424242426,0.0,1.9295454545454545,2019,Spanish Grand Prix,0,1,1.0
VET,Ferrari,0 days 00:01:27.266818181,291.0,2.0,3.0,12.56060606060606,Ferrari,3.0,4.0,Finished,12.0,20.147727272727273,40.72727272727273,54.724242424242426,0.0,1.9295454545454545,2019,Spanish Grand Prix,0,1,-1.0
ALB,Toro Rosso,0 days 00:01:20.303038461,272.0,1.0,2.0,22.576923076923077,Toro Rosso,10.0,8.0,Finished,4.0,22.754676258992802,32.72949640287769,52.697841726618705,0.6258992805755396,0.9035971223021583,2019,Monaco Grand Prix,0,1,2.0
BOT,Mercedes,0 days 00:01:19.635884615,272.0,2.0,3.0,29.91025641025641,Mercedes,2.0,3.0,Finished,15.0,22.754676258992802,32.72949640287769,52.697841726618705,0.6258992805755396,0.9035971223021583,2019,Monaco Grand Prix,0,1,-1.0
GAS,Red Bull Racing,0 days 00:01:19.722858974,265.0,2.0,3.0,16.666666666666668,Red Bull Racing,8.0,5.0,Finished,11.0,22.754676258992802,32.72949640287769,52.697841726618705,0.6258992805755396,0.9035971223021583,2019,Monaco Grand Prix,0,1,3.0
GIO,Alfa Romeo Racing,0 days 00:01:21.768381578,271.0,1.0,2.0,19.973684210526315,Alfa Romeo Racing,18.0,19.0,+2 Laps,0.0,22.754676258992802,32.72949640287769,52.697841726618705,0.6258992805755396,0.9035971223021583,2019,Monaco Grand Prix,1,0,-1.0
GRO,Haas F1 Team,0 days 00:01:20.313730769,267.0,1.0,2.0,21.55128205128205,Haas F1 Team,13.0,10.0,Finished,1.0,22.754676258992802,32.72949640287769,52.697841726618705,0.6258992805755396,0.9035971223021583,2019,Monaco Grand Prix,0,1,3.0
HAM,Mercedes,0 days 00:01:19.595346153,269.0,1.0,2.0,30.756410256410255,Mercedes,1.0,1.0,Finished,25.0,22.754676258992802,32.72949640287769,52.697841726618705,0.6258992805755396,0.9035971223021583,2019,Monaco Grand Prix,0,1,0.0
HUL,Renault,0 days 00:01:20.777233766,271.0,1.0,2.0,31.051948051948052,Renault,11.0,13.0,+1 Lap,0.0,22.754676258992802,32.72949640287769,52.697841726618705,0.6258992805755396,0.9035971223021583,2019,Monaco Grand Prix,1,0,-2.0
KUB,Williams,0 days 00:01:21.655909090,270.0,1.0,2.0,23.727272727272727,Williams,20.0,18.0,+1 Lap,0.0,22.754676258992802,32.72949640287769,52.697841726618705,0.6258992805755396,0.9035971223021583,2019,Monaco Grand Prix,1,0,2.0
KVY,Toro Rosso,0 days 00:01:20.295012820,272.0,1.0,2.0,22.67948717948718,Toro Rosso,7.0,7.0,Finished,6.0,22.754676258992802,32.72949640287769,52.697841726618705,0.6258992805755396,0.9035971223021583,2019,Monaco Grand Prix,0,1,0.0
LEC,Ferrari,0 days 00:01:30.650250,269.0,2.0,2.0,4.5625,Ferrari,15.0,20.0,Collision,0.0,22.754676258992802,32.72949640287769,52.697841726618705,0.6258992805755396,0.9035971223021583,2019,Monaco Grand Prix,1,0,-5.0
MAG,Haas F1 Team,0 days 00:01:20.726675324,268.0,1.0,2.0,30.285714285714285,Haas F1 Team,5.0,14.0,+1 Lap,0.0,22.754676258992802,32.72949640287769,52.697841726618705,0.6258992805755396,0.9035971223021583,2019,Monaco Grand Prix,1,0,-9.0
NOR,McLaren,0 days 00:01:20.451769230,273.0,1.0,2.0,20.82051282051282,McLaren,12.0,11.0,Finished,0.0,22.754676258992802,32.72949640287769,52.697841726618705,0.6258992805755396,0.9035971223021583,2019,Monaco Grand Prix,0,0,1.0
PER,Racing Point,0 days 00:01:20.738896103,273.0,1.0,2.0,29.571428571428573,Racing Point,16.0,12.0,+1 Lap,0.0,22.754676258992802,32.72949640287769,52.697841726618705,0.6258992805755396,0.9035971223021583,2019,Monaco Grand Prix,1,0,4.0
RAI,Alfa Romeo Racing,0 days 00:01:21.260766233,270.0,1.0,2.0,20.48051948051948,Alfa Romeo Racing,14.0,17.0,+1 Lap,0.0,22.754676258992802,32.72949640287769,52.697841726618705,0.6258992805755396,0.9035971223021583,2019,Monaco Grand Prix,1,0,-3.0
RIC,Renault,0 days 00:01:20.376038461,269.0,1.0,2.0,30.756410256410255,Renault,6.0,9.0,Finished,2.0,22.754676258992802,32.72949640287769,52.697841726618705,0.6258992805755396,0.9035971223021583,2019,Monaco Grand Prix,0,1,-3.0
RUS,Williams,0 days 00:01:20.971051948,266.0,1.0,2.0,30.2987012987013,Williams,19.0,15.0,+1 Lap,0.0,22.754676258992802,32.72949640287769,52.697841726618705,0.6258992805755396,0.9035971223021583,2019,Monaco Grand Prix,1,0,4.0
SAI,McLaren,0 days 00:01:20.280653846,265.0,1.0,2.0,22.96153846153846,McLaren,9.0,6.0,Finished,8.0,22.754676258992802,32.72949640287769,52.697841726618705,0.6258992805755396,0.9035971223021583,2019,Monaco Grand Prix,0,1,3.0
STR,Racing Point,0 days 00:01:21.060987012,273.0,1.0,2.0,19.77922077922078,Racing Point,17.0,16.0,+1 Lap,0.0,22.754676258992802,32.72949640287769,52.697841726618705,0.6258992805755396,0.9035971223021583,2019,Monaco Grand Prix,1,0,1.0
VER,Red Bull Racing,0 days 00:01:19.602230769,272.0,1.0,2.0,30.474358974358974,Red Bull Racing,3.0,4.0,Finished,12.0,22.754676258992802,32.72949640287769,52.697841726618705,0.6258992805755396,0.9035971223021583,2019,Monaco Grand Prix,0,1,-1.0
VET,Ferrari,0 days 00:01:19.628705128,274.0,1.0,2.0,30.474358974358974,Ferrari,4.0,2.0,Finished,18.0,22.754676258992802,32.72949640287769,52.697841726618705,0.6258992805755396,0.9035971223021583,2019,Monaco Grand Prix,0,1,2.0
ALB,Toro Rosso,0 days 00:01:19.430559322,288.0,1.0,2.0,29.016949152542374,Toro Rosso,13.0,19.0,Collision damage,0.0,29.368253968253967,51.098412698412695,16.14761904761905,0.0,1.3087301587301585,2019,Canadian Grand Prix,1,0,-6.0
BOT,Mercedes,0 days 00:01:17.116100,296.0,2.0,3.0,18.142857142857142,Mercedes,6.0,4.0,Finished,13.0,29.368253968253967,51.098412698412695,16.14761904761905,0.0,1.3087301587301585,2019,Canadian Grand Prix,0,1,2.0
GAS,Red Bull Racing,0 days 00:01:17.690217391,292.0,1.0,2.0,29.014492753623188,Red Bull Racing,5.0,8.0,+1 Lap,4.0,29.368253968253967,51.098412698412695,16.14761904761905,0.0,1.3087301587301585,2019,Canadian Grand Prix,1,1,-3.0
GIO,Alfa Romeo Racing,0 days 00:01:18.477797101,291.0,1.0,2.0,17.782608695652176,Alfa Romeo Racing,12.0,13.0,+1 Lap,0.0,29.368253968253967,51.098412698412695,16.14761904761905,0.0,1.3087301587301585,2019,Canadian Grand Prix,1,0,-1.0
GRO,Haas F1 Team,0 days 00:01:18.501985507,288.0,1.0,2.0,17.753623188405797,Haas F1 Team,14.0,14.0,+1 Lap,0.0,29.368253968253967,51.098412698412695,16.14761904761905,0.0,1.3087301587301585,2019,Canadian Grand Prix,1,0,0.0
HAM,Mercedes,0 days 00:01:16.386914285,297.0,1.0,2.0,19.9,Mercedes,2.0,1.0,Finished,25.0,29.368253968253967,51.098412698412695,16.14761904761905,0.0,1.3087301587301585,2019,Canadian Grand Prix,0,1,1.0
HUL,Renault,0 days 00:01:17.544333333,295.0,1.0,2.0,23.405797101449274,Renault,7.0,7.0,+1 Lap,6.0,29.368253968253967,51.098412698412695,16.14761904761905,0.0,1.3087301587301585,2019,Canadian Grand Prix,1,1,0.0
KUB,Williams,0 days 00:01:20.241044776,290.0,2.0,3.0,13.656716417910447,Williams,19.0,18.0,+3 Laps,0.0,29.368253968253967,51.098412698412695,16.14761904761905,0.0,1.3087301587301585,2019,Canadian Grand Prix,1,0,1.0
KVY,Toro Rosso,0 days 00:01:17.994188405,299.0,1.0,2.0,25.08695652173913,Toro Rosso,10.0,10.0,+1 Lap,1.0,29.368253968253967,51.098412698412695,16.14761904761905,0.0,1.3087301587301585,2019,Canadian Grand Prix,1,1,0.0
LEC,Ferrari,0 days 00:01:16.454000,292.0,1.0,2.0,20.414285714285715,Ferrari,3.0,3.0,Finished,15.0,29.368253968253967,51.098412698412695,16.14761904761905,0.0,1.3087301587301585,2019,Canadian Grand Prix,0,1,0.0
MAG,Haas F1 Team,0 days 00:01:19.534794117,292.0,1.0,2.0,17.86764705882353,Haas F1 Team,0.0,17.0,+2 Laps,0.0,29.368253968253967,51.098412698412695,16.14761904761905,0.0,1.3087301587301585,2019,Canadian Grand Prix,1,0,-17.0
NOR,McLaren,0 days 00:01:20.775625,286.0,0.0,1.0,7.5,McLaren,8.0,20.0,Suspension,0.0,29.368253968253967,51.098412698412695,16.14761904761905,0.0,1.3087301587301585,2019,Canadian Grand Prix,1,0,-12.0
PER,Racing Point,0 days 00:01:18.144913043,294.0,1.0,2.0,25.753623188405797,Racing Point,15.0,12.0,+1 Lap,0.0,29.368253968253967,51.098412698412695,16.14761904761905,0.0,1.3087301587301585,2019,Canadian Grand Prix,1,0,3.0
RAI,Alfa Romeo Racing,0 days 00:01:18.510101449,292.0,2.0,3.0,21.231884057971016,Alfa Romeo Racing,16.0,15.0,+1 Lap,0.0,29.368253968253967,51.098412698412695,16.14761904761905,0.0,1.3087301587301585,2019,Canadian Grand Prix,1,0,1.0
RIC,Renault,0 days 00:01:17.538507246,295.0,1.0,2.0,28.27536231884058,Renault,4.0,6.0,+1 Lap,8.0,29.368253968253967,51.098412698412695,16.14761904761905,0.0,1.3087301587301585,2019,Canadian Grand Prix,1,1,-2.0
RUS,Williams,0 days 00:01:19.408705882,293.0,1.0,2.0,26.691176470588236,Williams,18.0,16.0,+2 Laps,0.0,29.368253968253967,51.098412698412695,16.14761904761905,0.0,1.3087301587301585,2019,Canadian Grand Prix,1,0,2.0
SAI,McLaren,0 days 00:01:18.025608695,293.0,1.0,2.0,31.405797101449274,McLaren,11.0,11.0,+1 Lap,0.0,29.368253968253967,51.098412698412695,16.14761904761905,0.0,1.3087301587301585,2019,Canadian Grand Prix,1,0,0.0
STR,Racing Point,0 days 00:01:17.958130434,294.0,1.0,2.0,19.347826086956523,Racing Point,17.0,9.0,+1 Lap,2.0,29.368253968253967,51.098412698412695,16.14761904761905,0.0,1.3087301587301585,2019,Canadian Grand Prix,1,1,8.0
VER,Red Bull Racing,0 days 00:01:17.210557142,294.0,1.0,2.0,21.985714285714284,Red Bull Racing,9.0,5.0,Finished,10.0,29.368253968253967,51.098412698412695,16.14761904761905,0.0,1.3087301587301585,2019,Canadian Grand Prix,0,1,4.0
VET,Ferrari,0 days 00:01:16.367742857,295.0,1.0,2.0,21.014285714285716,Ferrari,1.0,2.0,Finished,18.0,29.368253968253967,51.098412698412695,16.14761904761905,0.0,1.3087301587301585,2019,Canadian Grand Prix,0,1,-1.0
ALB,Toro Rosso,0 days 00:01:38.259730769,306.0,1.0,2.0,13.51923076923077,Toro Rosso,11.0,15.0,+1 Lap,0.0,26.89421487603306,54.525619834710746,39.09090909090909,0.0,1.6785123966942148,2019,French Grand Prix,1,0,-4.0
BOT,Mercedes,0 days 00:01:36.023660377,301.0,1.0,2.0,16.150943396226417,Mercedes,2.0,2.0,Finished,18.0,26.89421487603306,54.525619834710746,39.09090909090909,0.0,1.6785123966942148,2019,French Grand Prix,0,1,0.0
GAS,Red Bull Racing,0 days 00:01:37.835038461,302.0,1.0,2.0,16.03846153846154,Red Bull Racing,9.0,10.0,+1 Lap,1.0,26.89421487603306,54.525619834710746,39.09090909090909,0.0,1.6785123966942148,2019,French Grand Prix,1,1,-1.0
GIO,Alfa Romeo Racing,0 days 00:01:38.590788461,301.0,2.0,3.0,11.5,Alfa Romeo Racing,10.0,16.0,+1 Lap,0.0,26.89421487603306,54.525619834710746,39.09090909090909,0.0,1.6785123966942148,2019,French Grand Prix,1,0,-6.0
GRO,Haas F1 Team,0 days 00:01:38.745613636,301.0,1.0,2.0,13.340909090909092,Haas F1 Team,16.0,20.0,Retired,0.0,26.89421487603306,54.525619834710746,39.09090909090909,0.0,1.6785123966942148,2019,French Grand Prix,1,0,-4.0
HAM,Mercedes,0 days 00:01:35.682981132,300.0,1.0,2.0,15.679245283018869,Mercedes,1.0,1.0,Finished,25.0,26.89421487603306,54.525619834710746,39.09090909090909,0.0,1.6785123966942148,2019,French Grand Prix,0,1,0.0
HUL,Renault,0 days 00:01:37.699057692,305.0,1.0,2.0,16.115384615384617,Renault,13.0,8.0,+1 Lap,4.0,26.89421487603306,54.525619834710746,39.09090909090909,0.0,1.6785123966942148,2019,French Grand Prix,1,1,5.0
KUB,Williams,0 days 00:01:40.090431372,303.0,1.0,2.0,13.294117647058824,Williams,18.0,18.0,+2 Laps,0.0,26.89421487603306,54.525619834710746,39.09090909090909,0.0,1.6785123966942148,2019,French Grand Prix,1,0,0.0
KVY,Toro Rosso,0 days 00:01:38.213673076,306.0,1.0,2.0,14.192307692307692,Toro Rosso,19.0,14.0,+1 Lap,0.0,26.89421487603306,54.525619834710746,39.09090909090909,0.0,1.6785123966942148,2019,French Grand Prix,1,0,5.0
LEC,Ferrari,0 days 00:01:36.041188679,308.0,1.0,2.0,15.50943396226415,Ferrari,3.0,3.0,Finished,15.0,26.89421487603306,54.525619834710746,39.09090909090909,0.0,1.6785123966942148,2019,French Grand Prix,0,1,0.0
MAG,Haas F1 Team,0 days 00:01:38.688307692,300.0,1.0,2.0,15.423076923076923,Haas F1 Team,15.0,17.0,+1 Lap,0.0,26.89421487603306,54.525619834710746,39.09090909090909,0.0,1.6785123966942148,2019,French Grand Prix,1,0,-2.0
NOR,McLaren,0 days 00:01:37.734461538,302.0,1.0,2.0,16.46153846153846,McLaren,5.0,9.0,+1 Lap,2.0,26.89421487603306,54.525619834710746,39.09090909090909,0.0,1.6785123966942148,2019,French Grand Prix,1,1,-4.0
PER,Racing Point,0 days 00:01:37.932961538,304.0,1.0,2.0,14.73076923076923,Racing Point,14.0,12.0,+1 Lap,0.0,26.89421487603306,54.525619834710746,39.09090909090909,0.0,1.6785123966942148,2019,French Grand Prix,1,0,2.0
RAI,Alfa Romeo Racing,0 days 00:01:37.688288461,305.0,1.0,2.0,14.384615384615385,Alfa Romeo Racing,12.0,7.0,+1 Lap,6.0,26.89421487603306,54.525619834710746,39.09090909090909,0.0,1.6785123966942148,2019,French Grand Prix,1,1,5.0
RIC,Renault,0 days 00:01:37.670519230,301.0,1.0,2.0,16.653846153846153,Renault,8.0,11.0,+1 Lap,0.0,26.89421487603306,54.525619834710746,39.09090909090909,0.0,1.6785123966942148,2019,French Grand Prix,1,0,-3.0
RUS,Williams,0 days 00:01:40.268313725,302.0,2.0,3.0,10.431372549019608,Williams,20.0,19.0,+2 Laps,0.0,26.89421487603306,54.525619834710746,39.09090909090909,0.0,1.6785123966942148,2019,French Grand Prix,1,0,1.0
SAI,McLaren,0 days 00:01:37.484150943,289.0,1.0,2.0,16.60377358490566,McLaren,6.0,6.0,Finished,8.0,26.89421487603306,54.525619834710746,39.09090909090909,0.0,1.6785123966942148,2019,French Grand Prix,0,1,0.0
STR,Racing Point,0 days 00:01:37.978538461,308.0,1.0,2.0,16.75,Racing Point,17.0,13.0,+1 Lap,0.0,26.89421487603306,54.525619834710746,39.09090909090909,0.0,1.6785123966942148,2019,French Grand Prix,1,0,4.0
VER,Red Bull Racing,0 days 00:01:36.341566037,301.0,1.0,2.0,16.433962264150942,Red Bull Racing,4.0,4.0,Finished,12.0,26.89421487603306,54.525619834710746,39.09090909090909,0.0,1.6785123966942148,2019,French Grand Prix,0,1,0.0
VET,Ferrari,0 days 00:01:36.867811320,305.0,2.0,3.0,14.226415094339623,Ferrari,7.0,5.0,Finished,11.0,26.89421487603306,54.525619834710746,39.09090909090909,0.0,1.6785123966942148,2019,French Grand Prix,0,1,2.0
ALB,Toro Rosso,0 days 00:01:10.831642857,283.0,1.0,2.0,18.0,Toro Rosso,18.0,15.0,+1 Lap,0.0,34.44406779661016,50.74406779661018,17.965254237288136,0.0,1.225423728813559,2019,Austrian Grand Prix,1,0,3.0
BOT,Mercedes,0 days 00:01:09.588478873,285.0,1.0,2.0,22.098591549295776,Mercedes,3.0,3.0,Finished,15.0,34.44406779661016,50.74406779661018,17.965254237288136,0.0,1.225423728813559,2019,Austrian Grand Prix,0,1,0.0
GAS,Red Bull Racing,0 days 00:01:10.414771428,285.0,1.0,2.0,20.5,Red Bull Racing,8.0,7.0,+1 Lap,6.0,34.44406779661016,50.74406779661018,17.965254237288136,0.0,1.225423728813559,2019,Austrian Grand Prix,1,1,1.0
GIO,Alfa Romeo Racing,0 days 00:01:10.613928571,284.0,1.0,2.0,20.757142857142856,Alfa Romeo Racing,7.0,10.0,+1 Lap,1.0,34.44406779661016,50.74406779661018,17.965254237288136,0.0,1.225423728813559,2019,Austrian Grand Prix,1,1,-3.0
GRO,Haas F1 Team,0 days 00:01:10.945114285,275.0,1.0,2.0,18.014285714285716,Haas F1 Team,11.0,16.0,+1 Lap,0.0,34.44406779661016,50.74406779661018,17.965254237288136,0.0,1.225423728813559,2019,Austrian Grand Prix,1,0,-5.0
HAM,Mercedes,0 days 00:01:09.642633802,282.0,1.0,2.0,20.366197183098592,Mercedes,4.0,5.0,Finished,10.0,34.44406779661016,50.74406779661018,17.965254237288136,0.0,1.225423728813559,2019,Austrian Grand Prix,0,1,-1.0
HUL,Renault,0 days 00:01:10.694471428,281.0,1.0,2.0,19.15714285714286,Renault,15.0,13.0,+1 Lap,0.0,34.44406779661016,50.74406779661018,17.965254237288136,0.0,1.225423728813559,2019,Austrian Grand Prix,1,0,2.0
KUB,Williams,0 days 00:01:12.564147058,281.0,1.0,2.0,20.808823529411764,Williams,17.0,20.0,+3 Laps,0.0,34.44406779661016,50.74406779661018,17.965254237288136,0.0,1.225423728813559,2019,Austrian Grand Prix,1,0,-3.0
KVY,Toro Rosso,0 days 00:01:11.253114285,278.0,1.0,2.0,18.12857142857143,Toro Rosso,16.0,17.0,+1 Lap,0.0,34.44406779661016,50.74406779661018,17.965254237288136,0.0,1.225423728813559,2019,Austrian Grand Prix,1,0,-1.0
LEC,Ferrari,0 days 00:01:09.359802816,287.0,1.0,2.0,21.746478873239436,Ferrari,1.0,2.0,Finished,18.0,34.44406779661016,50.74406779661018,17.965254237288136,0.0,1.225423728813559,2019,Austrian Grand Prix,0,1,-1.0
MAG,Haas F1 Team,0 days 00:01:11.879608695,275.0,3.0,4.0,21.565217391304348,Haas F1 Team,10.0,19.0,+2 Laps,0.0,34.44406779661016,50.74406779661018,17.965254237288136,0.0,1.225423728813559,2019,Austrian Grand Prix,1,0,-9.0
NOR,McLaren,0 days 00:01:10.332700,282.0,1.0,2.0,20.5,McLaren,5.0,6.0,+1 Lap,8.0,34.44406779661016,50.74406779661018,17.965254237288136,0.0,1.225423728813559,2019,Austrian Grand Prix,1,1,-1.0
PER,Racing Point,0 days 00:01:10.653214285,283.0,1.0,2.0,18.7,Racing Point,13.0,11.0,+1 Lap,0.0,34.44406779661016,50.74406779661018,17.965254237288136,0.0,1.225423728813559,2019,Austrian Grand Prix,1,0,2.0
RAI,Alfa Romeo Racing,0 days 00:01:10.604471428,280.0,1.0,2.0,21.042857142857144,Alfa Romeo Racing,6.0,9.0,+1 Lap,2.0,34.44406779661016,50.74406779661018,17.965254237288136,0.0,1.225423728813559,2019,Austrian Grand Prix,1,1,-3.0
RIC,Renault,0 days 00:01:10.669800,285.0,1.0,2.0,19.728571428571428,Renault,12.0,12.0,+1 Lap,0.0,34.44406779661016,50.74406779661018,17.965254237288136,0.0,1.225423728813559,2019,Austrian Grand Prix,1,0,0.0
RUS,Williams,0 days 00:01:11.562782608,281.0,1.0,2.0,18.565217391304348,Williams,0.0,18.0,+2 Laps,0.0,34.44406779661016,50.74406779661018,17.965254237288136,0.0,1.225423728813559,2019,Austrian Grand Prix,1,0,-18.0
SAI,McLaren,0 days 00:01:10.574342857,287.0,1.0,2.0,18.514285714285716,McLaren,19.0,8.0,+1 Lap,4.0,34.44406779661016,50.74406779661018,17.965254237288136,0.0,1.225423728813559,2019,Austrian Grand Prix,1,1,11.0
STR,Racing Point,0 days 00:01:10.807728571,282.0,1.0,2.0,19.428571428571427,Racing Point,14.0,14.0,+1 Lap,0.0,34.44406779661016,50.74406779661018,17.965254237288136,0.0,1.225423728813559,2019,Austrian Grand Prix,1,0,0.0
VER,Red Bull Racing,0 days 00:01:09.321436619,288.0,1.0,2.0,19.845070422535212,Red Bull Racing,2.0,1.0,Finished,26.0,34.44406779661016,50.74406779661018,17.965254237288136,0.0,1.225423728813559,2019,Austrian Grand Prix,0,1,1.0
VET,Ferrari,0 days 00:01:09.597633802,290.0,2.0,3.0,13.52112676056338,Ferrari,9.0,4.0,Finished,12.0,34.44406779661016,50.74406779661018,17.965254237288136,0.0,1.225423728813559,2019,Austrian Grand Prix,0,1,5.0
ALB,Toro Rosso,0 days 00:01:35.078250,251.0,1.0,2.0,18.0,Toro Rosso,9.0,12.0,Finished,0.0,18.905084745762718,30.32203389830509,62.135593220338976,0.0,2.011864406779661,2019,British Grand Prix,0,0,-3.0
BOT,Mercedes,0 days 00:01:34.103461538,254.0,2.0,3.0,13.461538461538462,Mercedes,1.0,2.0,Finished,18.0,18.905084745762718,30.32203389830509,62.135593220338976,0.0,2.011864406779661,2019,British Grand Prix,0,1,-1.0
GAS,Red Bull Racing,0 days 00:01:34.291230769,252.0,1.0,2.0,18.423076923076923,Red Bull Racing,5.0,4.0,Finished,12.0,18.905084745762718,30.32203389830509,62.135593220338976,0.0,2.011864406779661,2019,British Grand Prix,0,1,1.0
GIO,Alfa Romeo Racing,0 days 00:01:33.932611111,246.0,0.0,1.0,9.5,Alfa Romeo Racing,11.0,18.0,Spun off,0.0,18.905084745762718,30.32203389830509,62.135593220338976,0.0,2.011864406779661,2019,British Grand Prix,1,0,-7.0
GRO,Haas F1 Team,0 days 00:01:43.075666666,240.0,2.0,2.0,4.111111111111111,Haas F1 Team,14.0,19.0,Collision,0.0,18.905084745762718,30.32203389830509,62.135593220338976,0.0,2.011864406779661,2019,British Grand Prix,1,0,-5.0
HAM,Mercedes,0 days 00:01:32.133784313,254.0,1.0,2.0,16.019607843137255,Mercedes,2.0,1.0,Finished,26.0,18.905084745762718,30.32203389830509,62.135593220338976,0.0,2.011864406779661,2019,British Grand Prix,0,1,1.0
HUL,Renault,0 days 00:01:35.022788461,252.0,1.0,2.0,18.25,Renault,10.0,10.0,Finished,1.0,18.905084745762718,30.32203389830509,62.135593220338976,0.0,2.011864406779661,2019,British Grand Prix,0,1,0.0
KUB,Williams,0 days 00:01:35.973294117,249.0,1.0,2.0,13.843137254901961,Williams,20.0,15.0,+1 Lap,0.0,18.905084745762718,30.32203389830509,62.135593220338976,0.0,2.011864406779661,2019,British Grand Prix,1,0,5.0
KVY,Toro Rosso,0 days 00:01:34.907153846,252.0,2.0,3.0,11.903846153846153,Toro Rosso,17.0,9.0,Finished,2.0,18.905084745762718,30.32203389830509,62.135593220338976,0.0,2.011864406779661,2019,British Grand Prix,0,1,8.0
LEC,Ferrari,0 days 00:01:34.203250,257.0,2.0,3.0,13.192307692307692,Ferrari,3.0,3.0,Finished,15.0,18.905084745762718,30.32203389830509,62.135593220338976,0.0,2.011864406779661,2019,British Grand Prix,0,1,0.0
MAG,Haas F1 Team,0 days 00:01:52.916333333,241.0,2.0,2.0,2.6666666666666665,Haas F1 Team,16.0,20.0,Collision,0.0,18.905084745762718,30.32203389830509,62.135593220338976,0.0,2.011864406779661,2019,British Grand Prix,1,0,-4.0
NOR,McLaren,0 days 00:01:35.052557692,254.0,2.0,3.0,10.307692307692308,McLaren,8.0,11.0,Finished,0.0,18.905084745762718,30.32203389830509,62.135593220338976,0.0,2.011864406779661,2019,British Grand Prix,0,0,-3.0
PER,Racing Point,0 days 00:01:36.172058823,251.0,3.0,4.0,9.313725490196079,Racing Point,15.0,17.0,+1 Lap,0.0,18.905084745762718,30.32203389830509,62.135593220338976,0.0,2.011864406779661,2019,British Grand Prix,1,0,-2.0
RAI,Alfa Romeo Racing,0 days 00:01:34.884461538,251.0,1.0,2.0,15.057692307692308,Alfa Romeo Racing,12.0,8.0,Finished,4.0,18.905084745762718,30.32203389830509,62.135593220338976,0.0,2.011864406779661,2019,British Grand Prix,0,1,4.0
RIC,Renault,0 days 00:01:34.670250,256.0,2.0,3.0,13.038461538461538,Renault,7.0,7.0,Finished,6.0,18.905084745762718,30.32203389830509,62.135593220338976,0.0,2.011864406779661,2019,British Grand Prix,0,1,0.0
RUS,Williams,0 days 00:01:35.761921568,249.0,1.0,2.0,13.647058823529411,Williams,19.0,14.0,+1 Lap,0.0,18.905084745762718,30.32203389830509,62.135593220338976,0.0,2.011864406779661,2019,British Grand Prix,1,0,5.0
SAI,McLaren,0 days 00:01:34.655596153,252.0,1.0,2.0,14.192307692307692,McLaren,13.0,6.0,Finished,8.0,18.905084745762718,30.32203389830509,62.135593220338976,0.0,2.011864406779661,2019,British Grand Prix,0,1,7.0
STR,Racing Point,0 days 00:01:35.183423076,254.0,2.0,3.0,10.25,Racing Point,18.0,13.0,Finished,0.0,18.905084745762718,30.32203389830509,62.135593220338976,0.0,2.011864406779661,2019,British Grand Prix,0,0,5.0
VER,Red Bull Racing,0 days 00:01:34.382884615,253.0,2.0,3.0,13.692307692307692,Red Bull Racing,4.0,5.0,Finished,10.0,18.905084745762718,30.32203389830509,62.135593220338976,0.0,2.011864406779661,2019,British Grand Prix,0,1,-1.0
VET,Ferrari,0 days 00:01:35.782607843,252.0,2.0,3.0,10.431372549019608,Ferrari,6.0,16.0,+1 Lap,0.0,18.905084745762718,30.32203389830509,62.135593220338976,0.0,2.011864406779661,2019,British Grand Prix,1,0,-10.0
ALB,Toro Rosso,0 days 00:01:38.145734375,268.0,4.0,5.0,10.484375,Toro Rosso,16.0,6.0,Finished,8.0,21.503401360544217,26.441496598639453,87.83061224489796,0.9659863945578231,1.006122448979592,2019,German Grand Prix,0,1,10.0
BOT,Mercedes,0 days 00:01:38.902267857,268.0,4.0,5.0,9.196428571428571,Mercedes,3.0,15.0,Accident,0.0,21.503401360544217,26.441496598639453,87.83061224489796,0.9659863945578231,1.006122448979592,2019,German Grand Prix,1,0,-12.0
GAS,Red Bull Racing,0 days 00:01:39.142180327,271.0,4.0,5.0,10.245901639344263,Red Bull Racing,4.0,14.0,Collision,0.0,21.503401360544217,26.441496598639453,87.83061224489796,0.9659863945578231,1.006122448979592,2019,German Grand Prix,1,0,-10.0
GIO,Alfa Romeo Racing,0 days 00:01:38.205062500,267.0,4.0,5.0,9.8125,Alfa Romeo Racing,11.0,13.0,Finished,0.0,21.503401360544217,26.441496598639453,87.83061224489796,0.9659863945578231,1.006122448979592,2019,German Grand Prix,0,0,-2.0
GRO,Haas F1 Team,0 days 00:01:37.403873015,264.0,5.0,6.0,10.666666666666666,Haas F1 Team,6.0,7.0,Finished,6.0,21.503401360544217,26.441496598639453,87.83061224489796,0.9659863945578231,1.006122448979592,2019,German Grand Prix,0,1,-1.0
HAM,Mercedes,0 days 00:01:36.142096774,268.0,5.0,6.0,10.419354838709678,Mercedes,1.0,9.0,Finished,2.0,21.503401360544217,26.441496598639453,87.83061224489796,0.9659863945578231,1.006122448979592,2019,German Grand Prix,0,1,-8.0
HUL,Renault,0 days 00:01:41.270076923,254.0,3.0,4.0,6.256410256410256,Renault,9.0,16.0,Accident,0.0,21.503401360544217,26.441496598639453,87.83061224489796,0.9659863945578231,1.006122448979592,2019,German Grand Prix,1,0,-7.0
KUB,Williams,0 days 00:01:38.379093750,264.0,5.0,6.0,6.796875,Williams,18.0,10.0,Finished,1.0,21.503401360544217,26.441496598639453,87.83061224489796,0.9659863945578231,1.006122448979592,2019,German Grand Prix,0,1,8.0
KVY,Toro Rosso,0 days 00:01:38.118437500,264.0,4.0,5.0,9.640625,Toro Rosso,14.0,3.0,Finished,15.0,21.503401360544217,26.441496598639453,87.83061224489796,0.9659863945578231,1.006122448979592,2019,German Grand Prix,0,1,11.0
LEC,Ferrari,0 days 00:01:36.379814814,255.0,3.0,3.0,6.0,Ferrari,10.0,17.0,Accident,0.0,21.503401360544217,26.441496598639453,87.83061224489796,0.9659863945578231,1.006122448979592,2019,German Grand Prix,1,0,-7.0
MAG,Haas F1 Team,0 days 00:01:38.281875,265.0,6.0,7.0,6.609375,Haas F1 Team,12.0,8.0,Finished,4.0,21.503401360544217,26.441496598639453,87.83061224489796,0.9659863945578231,1.006122448979592,2019,German Grand Prix,0,1,4.0
NOR,McLaren,0 days 00:01:39.179600,253.0,2.0,2.0,8.44,McLaren,19.0,18.0,Power loss,0.0,21.503401360544217,26.441496598639453,87.83061224489796,0.9659863945578231,1.006122448979592,2019,German Grand Prix,1,0,1.0
PER,Racing Point,0 days 00:01:52.843000,242.0,0.0,1.0,1.0,Racing Point,8.0,20.0,Spun off,0.0,21.503401360544217,26.441496598639453,87.83061224489796,0.9659863945578231,1.006122448979592,2019,German Grand Prix,1,0,-12.0
RAI,Alfa Romeo Racing,0 days 00:01:38.179515625,267.0,4.0,5.0,10.609375,Alfa Romeo Racing,5.0,12.0,Finished,0.0,21.503401360544217,26.441496598639453,87.83061224489796,0.9659863945578231,1.006122448979592,2019,German Grand Prix,0,0,-7.0
RIC,Renault,0 days 00:01:42.482615384,248.0,1.0,2.0,4.6923076923076925,Renault,13.0,19.0,Exhaust,0.0,21.503401360544217,26.441496598639453,87.83061224489796,0.9659863945578231,1.006122448979592,2019,German Grand Prix,1,0,-6.0
RUS,Williams,0 days 00:01:38.401234375,264.0,5.0,6.0,7.171875,Williams,17.0,11.0,Finished,0.0,21.503401360544217,26.441496598639453,87.83061224489796,0.9659863945578231,1.006122448979592,2019,German Grand Prix,0,0,6.0
SAI,McLaren,0 days 00:01:38.138406250,271.0,3.0,4.0,11.265625,McLaren,7.0,5.0,Finished,10.0,21.503401360544217,26.441496598639453,87.83061224489796,0.9659863945578231,1.006122448979592,2019,German Grand Prix,0,1,2.0
STR,Racing Point,0 days 00:01:37.277476190,266.0,5.0,6.0,8.11111111111111,Racing Point,15.0,4.0,Finished,12.0,21.503401360544217,26.441496598639453,87.83061224489796,0.9659863945578231,1.006122448979592,2019,German Grand Prix,0,1,11.0
VER,Red Bull Racing,0 days 00:01:37.988671875,266.0,5.0,6.0,8.453125,Red Bull Racing,2.0,1.0,Finished,26.0,21.503401360544217,26.441496598639453,87.83061224489796,0.9659863945578231,1.006122448979592,2019,German Grand Prix,0,1,1.0
VET,Ferrari,0 days 00:01:38.103250,272.0,5.0,6.0,8.03125,Ferrari,20.0,2.0,Finished,18.0,21.503401360544217,26.441496598639453,87.83061224489796,0.9659863945578231,1.006122448979592,2019,German Grand Prix,0,1,18.0
ALB,Toro Rosso,0 days 00:01:23.627869565,256.0,1.0,2.0,18.36231884057971,Toro Rosso,12.0,10.0,+1 Lap,1.0,25.66,44.096923076923076,33.893076923076926,0.0,1.1938461538461538,2019,Hungarian Grand Prix,1,1,2.0
BOT,Mercedes,0 days 00:01:23.129333333,261.0,2.0,3.0,16.91304347826087,Mercedes,2.0,8.0,+1 Lap,4.0,25.66,44.096923076923076,33.893076923076926,0.0,1.1938461538461538,2019,Hungarian Grand Prix,1,1,-6.0
GAS,Red Bull Racing,0 days 00:01:23.079913043,259.0,1.0,2.0,19.579710144927535,Red Bull Racing,6.0,6.0,+1 Lap,8.0,25.66,44.096923076923076,33.893076923076926,0.0,1.1938461538461538,2019,Hungarian Grand Prix,1,1,0.0
GIO,Alfa Romeo Racing,0 days 00:01:24.950882352,256.0,1.0,2.0,22.808823529411764,Alfa Romeo Racing,17.0,18.0,+2 Laps,0.0,25.66,44.096923076923076,33.893076923076926,0.0,1.1938461538461538,2019,Hungarian Grand Prix,1,0,-1.0
GRO,Haas F1 Team,0 days 00:01:25.038183673,249.0,2.0,2.0,14.53061224489796,Haas F1 Team,9.0,20.0,Water pressure,0.0,25.66,44.096923076923076,33.893076923076926,0.0,1.1938461538461538,2019,Hungarian Grand Prix,1,0,-11.0
HAM,Mercedes,0 days 00:01:21.482800,262.0,2.0,3.0,14.157142857142857,Mercedes,3.0,1.0,Finished,25.0,25.66,44.096923076923076,33.893076923076926,0.0,1.1938461538461538,2019,Hungarian Grand Prix,0,1,2.0
HUL,Renault,0 days 00:01:23.797130434,255.0,1.0,2.0,17.782608695652176,Renault,11.0,12.0,+1 Lap,0.0,25.66,44.096923076923076,33.893076923076926,0.0,1.1938461538461538,2019,Hungarian Grand Prix,1,0,-1.0
KUB,Williams,0 days 00:01:25.284686567,250.0,1.0,2.0,20.83582089552239,Williams,19.0,19.0,+3 Laps,0.0,25.66,44.096923076923076,33.893076923076926,0.0,1.1938461538461538,2019,Hungarian Grand Prix,1,0,0.0
KVY,Toro Rosso,0 days 00:01:23.955647058,255.0,1.0,2.0,19.985294117647058,Toro Rosso,13.0,15.0,+2 Laps,0.0,25.66,44.096923076923076,33.893076923076926,0.0,1.1938461538461538,2019,Hungarian Grand Prix,1,0,-2.0
LEC,Ferrari,0 days 00:01:22.414942857,260.0,1.0,2.0,20.071428571428573,Ferrari,4.0,4.0,Finished,12.0,25.66,44.096923076923076,33.893076923076926,0.0,1.1938461538461538,2019,Hungarian Grand Prix,0,1,0.0
MAG,Haas F1 Team,0 days 00:01:23.808101449,255.0,1.0,2.0,17.92753623188406,Haas F1 Team,14.0,13.0,+1 Lap,0.0,25.66,44.096923076923076,33.893076923076926,0.0,1.1938461538461538,2019,Hungarian Grand Prix,1,0,1.0
NOR,McLaren,0 days 00:01:23.205608695,260.0,1.0,2.0,19.579710144927535,McLaren,7.0,9.0,+1 Lap,2.0,25.66,44.096923076923076,33.893076923076926,0.0,1.1938461538461538,2019,Hungarian Grand Prix,1,1,-2.0
PER,Racing Point,0 days 00:01:23.787913043,254.0,1.0,2.0,21.695652173913043,Racing Point,16.0,11.0,+1 Lap,0.0,25.66,44.096923076923076,33.893076923076926,0.0,1.1938461538461538,2019,Hungarian Grand Prix,1,0,5.0
RAI,Alfa Romeo Racing,0 days 00:01:23.118666666,256.0,1.0,2.0,19.44927536231884,Alfa Romeo Racing,10.0,7.0,+1 Lap,6.0,25.66,44.096923076923076,33.893076923076926,0.0,1.1938461538461538,2019,Hungarian Grand Prix,1,1,3.0
RIC,Renault,0 days 00:01:23.811492753,260.0,1.0,2.0,19.666666666666668,Renault,20.0,14.0,+1 Lap,0.0,25.66,44.096923076923076,33.893076923076926,0.0,1.1938461538461538,2019,Hungarian Grand Prix,1,0,6.0
RUS,Williams,0 days 00:01:24.760308823,254.0,1.0,2.0,22.264705882352942,Williams,15.0,16.0,+2 Laps,0.0,25.66,44.096923076923076,33.893076923076926,0.0,1.1938461538461538,2019,Hungarian Grand Prix,1,0,-1.0
SAI,McLaren,0 days 00:01:23.059724637,257.0,1.0,2.0,19.44927536231884,McLaren,8.0,5.0,+1 Lap,10.0,25.66,44.096923076923076,33.893076923076926,0.0,1.1938461538461538,2019,Hungarian Grand Prix,1,1,3.0
STR,Racing Point,0 days 00:01:24.815750,258.0,2.0,3.0,13.264705882352942,Racing Point,18.0,17.0,+2 Laps,0.0,25.66,44.096923076923076,33.893076923076926,0.0,1.1938461538461538,2019,Hungarian Grand Prix,1,0,1.0
VER,Red Bull Racing,0 days 00:01:21.737028571,257.0,2.0,3.0,18.82857142857143,Red Bull Racing,1.0,2.0,Finished,19.0,25.66,44.096923076923076,33.893076923076926,0.0,1.1938461538461538,2019,Hungarian Grand Prix,0,1,-1.0
VET,Ferrari,0 days 00:01:22.360414285,266.0,1.0,2.0,19.9,Ferrari,5.0,3.0,Finished,15.0,25.66,44.096923076923076,33.893076923076926,0.0,1.1938461538461538,2019,Hungarian Grand Prix,0,1,2.0
ALB,Red Bull Racing,0 days 00:01:51.851512195,225.0,1.0,2.0,12.146341463414634,Red Bull Racing,17.0,5.0,Finished,10.0,17.4,28.119166666666665,57.03,0.0,2.0358333333333336,2019,Belgian Grand Prix,0,1,12.0
BOT,Mercedes,0 days 00:01:49.907756097,223.0,1.0,2.0,14.585365853658537,Mercedes,4.0,3.0,Finished,15.0,17.4,28.119166666666665,57.03,0.0,2.0358333333333336,2019,Belgian Grand Prix,0,1,1.0
GAS,Toro Rosso,0 days 00:01:52.449097560,223.0,1.0,2.0,14.097560975609756,Toro Rosso,13.0,9.0,Finished,2.0,17.4,28.119166666666665,57.03,0.0,2.0358333333333336,2019,Belgian Grand Prix,0,1,4.0
GIO,Alfa Romeo Racing,0 days 00:01:52.332333333,224.0,1.0,2.0,13.256410256410257,Alfa Romeo Racing,18.0,18.0,Accident,0.0,17.4,28.119166666666665,57.03,0.0,2.0358333333333336,2019,Belgian Grand Prix,1,0,0.0
GRO,Haas F1 Team,0 days 00:01:52.774350,223.0,1.0,2.0,12.625,Haas F1 Team,9.0,13.0,+1 Lap,0.0,17.4,28.119166666666665,57.03,0.0,2.0358333333333336,2019,Belgian Grand Prix,1,0,-4.0
HAM,Mercedes,0 days 00:01:49.605292682,227.0,1.0,2.0,14.439024390243903,Mercedes,3.0,2.0,Finished,18.0,17.4,28.119166666666665,57.03,0.0,2.0358333333333336,2019,Belgian Grand Prix,0,1,1.0
HUL,Renault,0 days 00:01:52.488878048,226.0,2.0,3.0,9.951219512195122,Renault,12.0,8.0,Finished,4.0,17.4,28.119166666666665,57.03,0.0,2.0358333333333336,2019,Belgian Grand Prix,0,1,4.0
KUB,Williams,0 days 00:01:53.919450,221.0,1.0,2.0,14.125,Williams,0.0,17.0,+1 Lap,0.0,17.4,28.119166666666665,57.03,0.0,2.0358333333333336,2019,Belgian Grand Prix,1,0,-17.0
KVY,Toro Rosso,0 days 00:01:52.022121951,224.0,1.0,2.0,12.21951219512195,Toro Rosso,19.0,7.0,Finished,6.0,17.4,28.119166666666665,57.03,0.0,2.0358333333333336,2019,Belgian Grand Prix,0,1,12.0
LEC,Ferrari,0 days 00:01:49.529121951,225.0,1.0,2.0,13.463414634146341,Ferrari,1.0,1.0,Finished,25.0,17.4,28.119166666666665,57.03,0.0,2.0358333333333336,2019,Belgian Grand Prix,0,1,0.0
MAG,Haas F1 Team,0 days 00:01:52.637325,224.0,1.0,2.0,13.825,Haas F1 Team,8.0,12.0,+1 Lap,0.0,17.4,28.119166666666665,57.03,0.0,2.0358333333333336,2019,Belgian Grand Prix,1,0,-4.0
NOR,McLaren,0 days 00:01:51.284450,223.0,1.0,2.0,12.025,McLaren,11.0,11.0,Engine,0.0,17.4,28.119166666666665,57.03,0.0,2.0358333333333336,2019,Belgian Grand Prix,1,0,0.0
PER,Racing Point,0 days 00:01:51.820780487,222.0,1.0,2.0,14.195121951219512,Racing Point,7.0,6.0,Finished,8.0,17.4,28.119166666666665,57.03,0.0,2.0358333333333336,2019,Belgian Grand Prix,0,1,1.0
RAI,Alfa Romeo Racing,0 days 00:01:53.894175,221.0,2.0,3.0,15.025,Alfa Romeo Racing,6.0,16.0,+1 Lap,0.0,17.4,28.119166666666665,57.03,0.0,2.0358333333333336,2019,Belgian Grand Prix,1,0,-10.0
RIC,Renault,0 days 00:01:53.335625,222.0,1.0,2.0,24.475,Renault,10.0,14.0,+1 Lap,0.0,17.4,28.119166666666665,57.03,0.0,2.0358333333333336,2019,Belgian Grand Prix,1,0,-4.0
RUS,Williams,0 days 00:01:53.458375,221.0,1.0,2.0,13.675,Williams,14.0,15.0,+1 Lap,0.0,17.4,28.119166666666665,57.03,0.0,2.0358333333333336,2019,Belgian Grand Prix,1,0,-1.0
SAI,McLaren,0 days 00:03:14.682000,,1.0,1.0,1.0,McLaren,15.0,19.0,Power loss,0.0,17.4,28.119166666666665,57.03,0.0,2.0358333333333336,2019,Belgian Grand Prix,1,0,-4.0
STR,Racing Point,0 days 00:01:52.478780487,224.0,2.0,3.0,8.21951219512195,Racing Point,16.0,10.0,Finished,1.0,17.4,28.119166666666665,57.03,0.0,2.0358333333333336,2019,Belgian Grand Prix,0,1,6.0
VER,,,,,,,Red Bull Racing,5.0,20.0,Accident,0.0,17.4,28.119166666666665,57.03,0.0,2.0358333333333336,2019,Belgian Grand Prix,1,0,-15.0
VET,Ferrari,0 days 00:01:50.216951219,228.0,2.0,3.0,10.439024390243903,Ferrari,2.0,4.0,Finished,13.0,17.4,28.119166666666665,57.03,0.0,2.0358333333333336,2019,Belgian Grand Prix,0,1,-2.0
ALB,Red Bull Racing,0 days 00:01:26.527924528,316.0,1.0,2.0,15.226415094339623,Red Bull Racing,8.0,6.0,Finished,8.0,21.0972972972973,33.04054054054055,51.574774774774774,0.0,1.5666666666666667,2019,Italian Grand Prix,0,1,2.0
BOT,Mercedes,0 days 00:01:25.424528301,317.0,1.0,2.0,15.283018867924529,Mercedes,3.0,2.0,Finished,18.0,21.0972972972973,33.04054054054055,51.574774774774774,0.0,1.5666666666666667,2019,Italian Grand Prix,0,1,1.0
GAS,Toro Rosso,0 days 00:01:27.171230769,316.0,1.0,2.0,13.576923076923077,Toro Rosso,17.0,11.0,+1 Lap,0.0,21.0972972972973,33.04054054054055,51.574774774774774,0.0,1.5666666666666667,2019,Italian Grand Prix,1,0,6.0
GIO,Alfa Romeo Racing,0 days 00:01:27.107173076,312.0,1.0,2.0,13.98076923076923,Alfa Romeo Racing,10.0,9.0,+1 Lap,2.0,21.0972972972973,33.04054054054055,51.574774774774774,0.0,1.5666666666666667,2019,Italian Grand Prix,1,1,1.0
GRO,Haas F1 Team,0 days 00:01:28.681538461,312.0,2.0,3.0,10.711538461538462,Haas F1 Team,13.0,16.0,+1 Lap,0.0,21.0972972972973,33.04054054054055,51.574774774774774,0.0,1.5666666666666667,2019,Italian Grand Prix,1,0,-3.0
HAM,Mercedes,0 days 00:01:26.072905660,316.0,2.0,3.0,13.773584905660377,Mercedes,2.0,3.0,Finished,16.0,21.0972972972973,33.04054054054055,51.574774774774774,0.0,1.5666666666666667,2019,Italian Grand Prix,0,1,-1.0
HUL,Renault,0 days 00:01:26.506226415,312.0,1.0,2.0,15.50943396226415,Renault,6.0,5.0,Finished,10.0,21.0972972972973,33.04054054054055,51.574774774774774,0.0,1.5666666666666667,2019,Italian Grand Prix,0,1,1.0
KUB,Williams,0 days 00:01:29.293803921,305.0,2.0,3.0,11.431372549019608,Williams,15.0,17.0,+2 Laps,0.0,21.0972972972973,33.04054054054055,51.574774774774774,0.0,1.5666666666666667,2019,Italian Grand Prix,1,0,-2.0
KVY,Toro Rosso,0 days 00:01:27.661965517,315.0,1.0,2.0,14.03448275862069,Toro Rosso,12.0,19.0,Engine,0.0,21.0972972972973,33.04054054054055,51.574774774774774,0.0,1.5666666666666667,2019,Italian Grand Prix,1,0,-7.0
LEC,Ferrari,0 days 00:01:25.408773584,321.0,1.0,2.0,15.679245283018869,Ferrari,1.0,1.0,Finished,25.0,21.0972972972973,33.04054054054055,51.574774774774774,0.0,1.5666666666666667,2019,Italian Grand Prix,0,1,0.0
MAG,Haas F1 Team,0 days 00:01:28.616558139,309.0,3.0,3.0,9.0,Haas F1 Team,11.0,18.0,Hydraulics,0.0,21.0972972972973,33.04054054054055,51.574774774774774,0.0,1.5666666666666667,2019,Italian Grand Prix,1,0,-7.0
NOR,McLaren,0 days 00:01:27.136250,320.0,1.0,2.0,13.673076923076923,McLaren,16.0,10.0,+1 Lap,1.0,21.0972972972973,33.04054054054055,51.574774774774774,0.0,1.5666666666666667,2019,Italian Grand Prix,1,1,6.0
PER,Racing Point,0 days 00:01:26.801264150,318.0,1.0,2.0,13.79245283018868,Racing Point,18.0,7.0,Finished,6.0,21.0972972972973,33.04054054054055,51.574774774774774,0.0,1.5666666666666667,2019,Italian Grand Prix,0,1,11.0
RAI,Alfa Romeo Racing,0 days 00:01:28.305096153,320.0,2.0,3.0,13.5,Alfa Romeo Racing,0.0,15.0,+1 Lap,0.0,21.0972972972973,33.04054054054055,51.574774774774774,0.0,1.5666666666666667,2019,Italian Grand Prix,1,0,-15.0
RIC,Renault,0 days 00:01:26.267547169,313.0,1.0,2.0,15.679245283018869,Renault,5.0,4.0,Finished,12.0,21.0972972972973,33.04054054054055,51.574774774774774,0.0,1.5666666666666667,2019,Italian Grand Prix,0,1,1.0
RUS,Williams,0 days 00:01:27.835288461,310.0,1.0,2.0,13.673076923076923,Williams,14.0,14.0,+1 Lap,0.0,21.0972972972973,33.04054054054055,51.574774774774774,0.0,1.5666666666666667,2019,Italian Grand Prix,1,0,0.0
SAI,McLaren,0 days 00:01:26.497259259,315.0,1.0,1.0,17.0,McLaren,7.0,20.0,Wheel,0.0,21.0972972972973,33.04054054054055,51.574774774774774,0.0,1.5666666666666667,2019,Italian Grand Prix,1,0,-13.0
STR,Racing Point,0 days 00:01:27.418884615,316.0,2.0,3.0,15.076923076923077,Racing Point,9.0,12.0,+1 Lap,0.0,21.0972972972973,33.04054054054055,51.574774774774774,0.0,1.5666666666666667,2019,Italian Grand Prix,1,0,-3.0
VER,Red Bull Racing,0 days 00:01:26.814283018,327.0,2.0,3.0,13.754716981132075,Red Bull Racing,19.0,8.0,Finished,4.0,21.0972972972973,33.04054054054055,51.574774774774774,0.0,1.5666666666666667,2019,Italian Grand Prix,0,1,11.0
VET,Ferrari,0 days 00:01:27.806769230,321.0,3.0,4.0,14.25,Ferrari,4.0,13.0,+1 Lap,0.0,21.0972972972973,33.04054054054055,51.574774774774774,0.0,1.5666666666666667,2019,Italian Grand Prix,1,0,-9.0
ALB,Red Bull Racing,0 days 00:01:50.681407407,255.0,1.0,2.0,17.87037037037037,Red Bull Racing,6.0,6.0,Finished,8.0,29.965161290322584,35.752903225806456,66.45548387096774,0.0,1.8574193548387095,2019,Singapore Grand Prix,0,1,0.0
BOT,Mercedes,0 days 00:01:49.755452830,258.0,1.0,2.0,17.58490566037736,Mercedes,5.0,5.0,Finished,10.0,29.965161290322584,35.752903225806456,66.45548387096774,0.0,1.8574193548387095,2019,Singapore Grand Prix,0,1,0.0
GAS,Toro Rosso,0 days 00:01:51.244666666,254.0,1.0,2.0,16.333333333333332,Toro Rosso,11.0,8.0,Finished,4.0,29.965161290322584,35.752903225806456,66.45548387096774,0.0,1.8574193548387095,2019,Singapore Grand Prix,0,1,3.0
GIO,Alfa Romeo Racing,0 days 00:01:52.177618181,253.0,2.0,3.0,15.872727272727273,Alfa Romeo Racing,10.0,10.0,Finished,1.0,29.965161290322584,35.752903225806456,66.45548387096774,0.0,1.8574193548387095,2019,Singapore Grand Prix,0,1,0.0
GRO,Haas F1 Team,0 days 00:01:52.267327272,250.0,2.0,3.0,11.818181818181818,Haas F1 Team,17.0,11.0,Finished,0.0,29.965161290322584,35.752903225806456,66.45548387096774,0.0,1.8574193548387095,2019,Singapore Grand Prix,0,0,6.0
HAM,Mercedes,0 days 00:01:49.496358490,259.0,1.0,2.0,17.433962264150942,Mercedes,2.0,4.0,Finished,12.0,29.965161290322584,35.752903225806456,66.45548387096774,0.0,1.8574193548387095,2019,Singapore Grand Prix,0,1,-2.0
HUL,Renault,0 days 00:01:51.043000,258.0,2.0,3.0,16.77777777777778,Renault,8.0,9.0,Finished,2.0,29.965161290322584,35.752903225806456,66.45548387096774,0.0,1.8574193548387095,2019,Singapore Grand Prix,0,1,-1.0
KUB,Williams,0 days 00:01:53.860392857,249.0,2.0,3.0,10.982142857142858,Williams,19.0,16.0,Finished,0.0,29.965161290322584,35.752903225806456,66.45548387096774,0.0,1.8574193548387095,2019,Singapore Grand Prix,0,0,3.0
KVY,Toro Rosso,0 days 00:01:51.475222222,252.0,2.0,3.0,12.037037037037036,Toro Rosso,14.0,15.0,Finished,0.0,29.965161290322584,35.752903225806456,66.45548387096774,0.0,1.8574193548387095,2019,Singapore Grand Prix,0,0,-1.0
LEC,Ferrari,0 days 00:01:48.999113207,257.0,1.0,2.0,17.88679245283019,Ferrari,1.0,2.0,Finished,18.0,29.965161290322584,35.752903225806456,66.45548387096774,0.0,1.8574193548387095,2019,Singapore Grand Prix,0,1,-1.0
MAG,Haas F1 Team,0 days 00:01:52.379648148,253.0,2.0,3.0,13.851851851851851,Haas F1 Team,13.0,17.0,Finished,0.0,29.965161290322584,35.752903225806456,66.45548387096774,0.0,1.8574193548387095,2019,Singapore Grand Prix,0,0,-4.0
NOR,McLaren,0 days 00:01:50.944129629,258.0,1.0,2.0,17.88888888888889,McLaren,9.0,7.0,Finished,6.0,29.965161290322584,35.752903225806456,66.45548387096774,0.0,1.8574193548387095,2019,Singapore Grand Prix,0,1,2.0
PER,Racing Point,0 days 00:01:51.528435897,251.0,1.0,2.0,11.512820512820513,Racing Point,15.0,19.0,Engine,0.0,29.965161290322584,35.752903225806456,66.45548387096774,0.0,1.8574193548387095,2019,Singapore Grand Prix,1,0,-4.0
RAI,Alfa Romeo Racing,0 days 00:01:51.862813953,248.0,1.0,2.0,12.813953488372093,Alfa Romeo Racing,12.0,18.0,Collision,0.0,29.965161290322584,35.752903225806456,66.45548387096774,0.0,1.8574193548387095,2019,Singapore Grand Prix,1,0,-6.0
RIC,Renault,0 days 00:01:52.146481481,258.0,1.0,2.0,16.833333333333332,Renault,20.0,14.0,Finished,0.0,29.965161290322584,35.752903225806456,66.45548387096774,0.0,1.8574193548387095,2019,Singapore Grand Prix,0,0,6.0
RUS,Williams,0 days 00:01:51.061823529,250.0,1.0,2.0,16.529411764705884,Williams,18.0,20.0,Collision,0.0,29.965161290322584,35.752903225806456,66.45548387096774,0.0,1.8574193548387095,2019,Singapore Grand Prix,1,0,-2.0
SAI,McLaren,0 days 00:01:52.283818181,254.0,2.0,3.0,16.345454545454544,McLaren,7.0,12.0,Finished,0.0,29.965161290322584,35.752903225806456,66.45548387096774,0.0,1.8574193548387095,2019,Singapore Grand Prix,0,0,-5.0
STR,Racing Point,0 days 00:01:52.662581818,254.0,2.0,4.0,12.290909090909091,Racing Point,16.0,13.0,Finished,0.0,29.965161290322584,35.752903225806456,66.45548387096774,0.0,1.8574193548387095,2019,Singapore Grand Prix,0,0,3.0
VER,Red Bull Racing,0 days 00:01:49.198641509,255.0,1.0,2.0,18.09433962264151,Red Bull Racing,4.0,3.0,Finished,15.0,29.965161290322584,35.752903225806456,66.45548387096774,0.0,1.8574193548387095,2019,Singapore Grand Prix,0,1,1.0
VET,Ferrari,0 days 00:01:48.846056603,257.0,1.0,2.0,18.09433962264151,Ferrari,3.0,1.0,Finished,25.0,29.965161290322584,35.752903225806456,66.45548387096774,0.0,1.8574193548387095,2019,Singapore Grand Prix,0,1,2.0
ALB,Red Bull Racing,0 days 00:01:42.827673469,172.0,1.0,2.0,14.816326530612244,Red Bull Racing,0.0,5.0,Finished,10.0,22.02977099236641,34.33206106870229,67.41526717557252,0.007633587786259542,1.8740458015267176,2019,Russian Grand Prix,0,1,-5.0
BOT,Mercedes,0 days 00:01:41.385571428,172.0,1.0,2.0,17.6734693877551,Mercedes,4.0,2.0,Finished,18.0,22.02977099236641,34.33206106870229,67.41526717557252,0.007633587786259542,1.8740458015267176,2019,Russian Grand Prix,0,1,2.0
GAS,Toro Rosso,0 days 00:01:45.454000,167.0,1.0,2.0,14.196078431372548,Toro Rosso,16.0,14.0,Finished,0.0,22.02977099236641,34.33206106870229,67.41526717557252,0.007633587786259542,1.8740458015267176,2019,Russian Grand Prix,0,0,2.0
GIO,Alfa Romeo Racing,0 days 00:01:45.385686274,169.0,1.0,3.0,13.254901960784315,Alfa Romeo Racing,12.0,15.0,Finished,0.0,22.02977099236641,34.33206106870229,67.41526717557252,0.007633587786259542,1.8740458015267176,2019,Russian Grand Prix,0,0,-3.0
GRO,,,,,,,Haas F1 Team,8.0,20.0,Collision,0.0,22.02977099236641,34.33206106870229,67.41526717557252,0.007633587786259542,1.8740458015267176,2019,Russian Grand Prix,1,0,-12.0
HAM,Mercedes,0 days 00:01:40.059979166,170.0,1.0,2.0,17.9375,Mercedes,2.0,1.0,Finished,26.0,22.02977099236641,34.33206106870229,67.41526717557252,0.007633587786259542,1.8740458015267176,2019,Russian Grand Prix,0,1,1.0
HUL,Renault,0 days 00:01:44.190180,169.0,2.0,3.0,12.64,Renault,6.0,10.0,Finished,1.0,22.02977099236641,34.33206106870229,67.41526717557252,0.007633587786259542,1.8740458015267176,2019,Russian Grand Prix,0,1,-4.0
KUB,Williams,0 days 00:01:47.428961538,161.0,2.0,2.0,13.5,Williams,18.0,16.0,Brakes,0.0,22.02977099236641,34.33206106870229,67.41526717557252,0.007633587786259542,1.8740458015267176,2019,Russian Grand Prix,1,0,2.0
KVY,Toro Rosso,0 days 00:01:44.377020,168.0,2.0,3.0,13.04,Toro Rosso,19.0,12.0,Finished,0.0,22.02977099236641,34.33206106870229,67.41526717557252,0.007633587786259542,1.8740458015267176,2019,Russian Grand Prix,0,0,7.0
LEC,Ferrari,0 days 00:01:40.186125,171.0,1.0,3.0,13.125,Ferrari,1.0,3.0,Finished,15.0,22.02977099236641,34.33206106870229,67.41526717557252,0.007633587786259542,1.8740458015267176,2019,Russian Grand Prix,0,1,-2.0
MAG,Haas F1 Team,0 days 00:01:43.823680,165.0,1.0,2.0,14.38,Haas F1 Team,13.0,9.0,Finished,2.0,22.02977099236641,34.33206106870229,67.41526717557252,0.007633587786259542,1.8740458015267176,2019,Russian Grand Prix,0,1,4.0
NOR,McLaren,0 days 00:01:43.931340,168.0,1.0,2.0,16.16,McLaren,7.0,8.0,Finished,4.0,22.02977099236641,34.33206106870229,67.41526717557252,0.007633587786259542,1.8740458015267176,2019,Russian Grand Prix,0,1,-1.0
PER,Racing Point,0 days 00:01:43.816580,169.0,1.0,2.0,14.54,Racing Point,11.0,7.0,Finished,6.0,22.02977099236641,34.33206106870229,67.41526717557252,0.007633587786259542,1.8740458015267176,2019,Russian Grand Prix,0,1,4.0
RAI,Alfa Romeo Racing,0 days 00:01:44.414900,168.0,2.0,3.0,14.44,Alfa Romeo Racing,15.0,13.0,Finished,0.0,22.02977099236641,34.33206106870229,67.41526717557252,0.007633587786259542,1.8740458015267176,2019,Russian Grand Prix,0,0,2.0
RIC,Renault,0 days 00:01:49.232000,161.0,2.0,2.0,11.666666666666666,Renault,10.0,19.0,Collision,0.0,22.02977099236641,34.33206106870229,67.41526717557252,0.007633587786259542,1.8740458015267176,2019,Russian Grand Prix,1,0,-9.0
RUS,Williams,0 days 00:01:45.173720,163.0,1.0,1.0,14.92,Williams,17.0,17.0,Brakes,0.0,22.02977099236641,34.33206106870229,67.41526717557252,0.007633587786259542,1.8740458015267176,2019,Russian Grand Prix,1,0,0.0
SAI,McLaren,0 days 00:01:43.528080,169.0,1.0,2.0,16.0,McLaren,5.0,6.0,Finished,8.0,22.02977099236641,34.33206106870229,67.41526717557252,0.007633587786259542,1.8740458015267176,2019,Russian Grand Prix,0,1,-1.0
STR,Racing Point,0 days 00:01:44.155780,168.0,1.0,2.0,14.38,Racing Point,14.0,11.0,Finished,0.0,22.02977099236641,34.33206106870229,67.41526717557252,0.007633587786259542,1.8740458015267176,2019,Russian Grand Prix,0,0,3.0
VER,Red Bull Racing,0 days 00:01:42.933360,171.0,1.0,2.0,16.0,Red Bull Racing,9.0,4.0,Finished,12.0,22.02977099236641,34.33206106870229,67.41526717557252,0.007633587786259542,1.8740458015267176,2019,Russian Grand Prix,0,1,5.0
VET,Ferrari,0 days 00:01:40.204375,168.0,1.0,1.0,17.416666666666668,Ferrari,3.0,18.0,Power loss,0.0,22.02977099236641,34.33206106870229,67.41526717557252,0.007633587786259542,1.8740458015267176,2019,Russian Grand Prix,1,0,-15.0
